series,timestamp,value,label
nvidia,2021-01-04T11:59:00.000Z,2619.11,long
nvidia,2021-01-05T11:59:00.000Z,2661.75,long
nvidia,2021-01-06T11:59:00.000Z,2485.63,long
nvidia,2021-01-07T11:59:00.000Z,2676.98,long
nvidia,2021-01-08T11:59:00.000Z,2645.37,long
nvidia,2021-01-09T11:59:00.000Z,2677.01,long
nvidia,2021-01-10T11:59:00.000Z,2708.65,long
nvidia,2021-01-11T11:59:00.000Z,2740.29,long
nvidia,2021-01-12T11:59:00.000Z,2666.25,long
nvidia,2021-01-13T11:59:00.000Z,2689.5,long
nvidia,2021-01-14T11:59:00.000Z,2598.75,long
nvidia,2021-01-15T11:59:00.000Z,2547.5,long
nvidia,2021-01-16T11:59:00.000Z,2540,long
nvidia,2021-01-17T11:59:00.000Z,2532.5,long
nvidia,2021-01-18T11:59:00.000Z,2525,long
nvidia,2021-01-19T11:59:00.000Z,2562.8,long
nvidia,2021-01-20T11:59:00.000Z,2625,long
nvidia,2021-01-21T11:59:00.000Z,2738.84,long
nvidia,2021-01-22T11:59:00.000Z,2740,long
nvidia,2021-01-23T11:59:00.000Z,2739.49,long
nvidia,2021-01-24T11:59:00.000Z,2738.98,long
nvidia,2021-01-25T11:59:00.000Z,2738.47,long
nvidia,2021-01-26T11:59:00.000Z,2682.61,long
nvidia,2021-01-27T11:59:00.000Z,2610.29,long
nvidia,2021-01-28T11:59:00.000Z,2638.8,long
nvidia,2021-01-29T11:59:00.000Z,2674.37,long
nvidia,2021-01-30T11:59:00.000Z,2688.3,long
nvidia,2021-01-31T11:59:00.000Z,2702.22,long
nvidia,2021-02-01T11:59:00.000Z,2716.15,long
nvidia,2021-02-02T11:59:00.000Z,2730.08,long
nvidia,2021-02-03T11:59:00.000Z,2737.5,long
nvidia,2021-02-04T11:59:00.000Z,2774.55,long
nvidia,2021-02-05T11:59:00.000Z,2734.32,long
nvidia,2021-02-06T11:59:00.000Z,2791.4,long
nvidia,2021-02-07T11:59:00.000Z,2848.48,long
nvidia,2021-02-08T11:59:00.000Z,2905.56,long
nvidia,2021-02-09T11:59:00.000Z,2867.41,long
nvidia,2021-02-10T11:59:00.000Z,2951.9,long
nvidia,2021-02-11T11:59:00.000Z,3038.7,long
nvidia,2021-02-12T11:59:00.000Z,2986.73,long
nvidia,2021-02-13T11:59:00.000Z,2999.48,long
nvidia,2021-02-14T11:59:00.000Z,3012.24,long
nvidia,2021-02-15T11:59:00.000Z,3025,long
nvidia,2021-02-16T11:59:00.000Z,3074.45,long
nvidia,2021-02-17T11:59:00.000Z,3021.58,long
nvidia,2021-02-18T11:59:00.000Z,3017.56,long
nvidia,2021-02-19T11:59:00.000Z,3052.11,long
nvidia,2021-02-20T11:59:00.000Z,3030.6,long
nvidia,2021-02-21T11:59:00.000Z,3009.08,short
nvidia,2021-02-22T11:59:00.000Z,2987.57,short
nvidia,2021-02-23T11:59:00.000Z,2904.07,short
nvidia,2021-02-24T11:59:00.000Z,2948.5,short
nvidia,2021-02-25T11:59:00.000Z,2794.43,short
nvidia,2021-02-26T11:59:00.000Z,2881.95,short
nvidia,2021-02-27T11:59:00.000Z,2871.57,short
nvidia,2021-02-28T11:59:00.000Z,2861.19,short
nvidia,2021-03-01T11:59:00.000Z,2850.81,short
nvidia,2021-03-02T11:59:00.000Z,2776.53,short
nvidia,2021-03-03T11:59:00.000Z,2684.9,short
nvidia,2021-03-04T11:59:00.000Z,2609.82,short
nvidia,2021-03-05T11:59:00.000Z,2650.13,short
nvidia,2021-03-06T11:59:00.000Z,2600.8,short
nvidia,2021-03-07T11:59:00.000Z,2551.47,short
nvidia,2021-03-08T11:59:00.000Z,2502.14,short
nvidia,2021-03-09T11:59:00.000Z,2651.01,long
nvidia,2021-03-10T11:59:00.000Z,2625,long
nvidia,2021-03-11T11:59:00.000Z,2681.5,long
nvidia,2021-03-12T11:59:00.000Z,2675,long
nvidia,2021-03-13T11:59:00.000Z,2691.87,long
nvidia,2021-03-14T11:59:00.000Z,2708.75,long
nvidia,2021-03-15T11:59:00.000Z,2725.62,long
nvidia,2021-03-16T11:59:00.000Z,2742.5,long
nvidia,2021-03-17T11:59:00.000Z,2722.67,long
nvidia,2021-03-18T11:59:00.000Z,2613.82,long
nvidia,2021-03-19T11:59:00.000Z,2622.59,long
nvidia,2021-03-20T11:59:00.000Z,2656.73,long
nvidia,2021-03-21T11:59:00.000Z,2690.86,long
nvidia,2021-03-22T11:59:00.000Z,2725,long
nvidia,2021-03-23T11:59:00.000Z,2714.94,long
nvidia,2021-03-24T11:59:00.000Z,2665.53,long
nvidia,2021-03-25T11:59:00.000Z,2599.98,long
nvidia,2021-03-26T11:59:00.000Z,2617.5,long
nvidia,2021-03-27T11:59:00.000Z,2635.83,long
nvidia,2021-03-28T11:59:00.000Z,2654.17,long
nvidia,2021-03-29T11:59:00.000Z,2672.5,long
nvidia,2021-03-30T11:59:00.000Z,2650.73,long
nvidia,2021-03-31T11:59:00.000Z,2734.93,long
nvidia,2021-04-01T11:59:00.000Z,2755.56,long
nvidia,2021-04-02T11:59:00.000Z,2776.2,long
nvidia,2021-04-03T11:59:00.000Z,2796.83,long
nvidia,2021-04-04T11:59:00.000Z,2817.46,long
nvidia,2021-04-05T11:59:00.000Z,2838.09,long
nvidia,2021-04-06T11:59:00.000Z,2811.97,long
nvidia,2021-04-07T11:59:00.000Z,2855,long
nvidia,2021-04-08T11:59:00.000Z,2872.46,long
nvidia,2021-04-09T11:59:00.000Z,2900,long
nvidia,2021-04-10T11:59:00.000Z,2953.32,long
nvidia,2021-04-11T11:59:00.000Z,3006.64,long
nvidia,2021-04-12T11:59:00.000Z,3059.96,long
nvidia,2021-04-13T11:59:00.000Z,3151.67,long
nvidia,2021-04-14T11:59:00.000Z,3073.08,long
nvidia,2021-04-15T11:59:00.000Z,3225,short
nvidia,2021-04-16T11:59:00.000Z,3165.54,short
nvidia,2021-04-17T11:59:00.000Z,3123.9,short
nvidia,2021-04-18T11:59:00.000Z,3082.26,short
nvidia,2021-04-19T11:59:00.000Z,3040.61,short
nvidia,2021-04-20T11:59:00.000Z,3017.82,short
nvidia,2021-04-21T11:59:00.000Z,3042.5,short
nvidia,2021-04-22T11:59:00.000Z,2953.44,short
nvidia,2021-04-23T11:59:00.000Z,3020.8,short
nvidia,2021-04-24T11:59:00.000Z,3036.23,short
nvidia,2021-04-25T11:59:00.000Z,3051.66,short
nvidia,2021-04-26T11:59:00.000Z,3067.08,short
nvidia,2021-04-27T11:59:00.000Z,3087.85,short
nvidia,2021-04-28T11:59:00.000Z,3054,short
nvidia,2021-04-29T11:59:00.000Z,3063.47,short
nvidia,2021-04-30T11:59:00.000Z,3042.75,short
nvidia,2021-05-01T11:59:00.000Z,3024.34,short
nvidia,2021-05-02T11:59:00.000Z,3005.92,short
nvidia,2021-05-03T11:59:00.000Z,2987.5,short
nvidia,2021-05-04T11:59:00.000Z,2885.4,short
nvidia,2021-05-05T11:59:00.000Z,2944.52,short
nvidia,2021-05-06T11:59:00.000Z,2913.09,short
nvidia,2021-05-07T11:59:00.000Z,2950.11,short
nvidia,2021-05-08T11:59:00.000Z,2919.57,short
nvidia,2021-05-09T11:59:00.000Z,2889.02,short
nvidia,2021-05-10T11:59:00.000Z,2858.47,short
nvidia,2021-05-11T11:59:00.000Z,2843.42,short
nvidia,2021-05-12T11:59:00.000Z,2752.14,short
nvidia,2021-05-13T11:59:00.000Z,2735.53,short
nvidia,2021-05-14T11:59:00.000Z,2842.51,long
nvidia,2021-05-15T11:59:00.000Z,2824.73,long
nvidia,2021-05-16T11:59:00.000Z,2806.96,long
nvidia,2021-05-17T11:59:00.000Z,2789.18,long
nvidia,2021-05-18T11:59:00.000Z,2788.75,long
nvidia,2021-05-19T11:59:00.000Z,2792.5,long
nvidia,2021-05-20T11:59:00.000Z,2907.5,long
nvidia,2021-05-21T11:59:00.000Z,2993.19,long
nvidia,2021-05-22T11:59:00.000Z,3028.79,long
nvidia,2021-05-23T11:59:00.000Z,3064.4,long
nvidia,2021-05-24T11:59:00.000Z,3100,long
nvidia,2021-05-25T11:59:00.000Z,3105.43,long
nvidia,2021-05-26T11:59:00.000Z,3122.37,long
nvidia,2021-05-27T11:59:00.000Z,3109.08,long
nvidia,2021-05-28T11:59:00.000Z,3238.99,long
nvidia,2021-05-29T11:59:00.000Z,3238.99,long
nvidia,2021-05-30T11:59:00.000Z,3238.99,long
nvidia,2021-05-31T11:59:00.000Z,3238.99,long
nvidia,2021-06-01T11:59:00.000Z,3255.52,long
nvidia,2021-06-02T11:59:00.000Z,3343.22,long
nvidia,2021-06-03T11:59:00.000Z,3413.79,long
nvidia,2021-06-04T11:59:00.000Z,3511.52,long
nvidia,2021-06-05T11:59:00.000Z,3511.85,long
nvidia,2021-06-06T11:59:00.000Z,3512.17,long
nvidia,2021-06-07T11:59:00.000Z,3512.5,long
nvidia,2021-06-08T11:59:00.000Z,3442.5,long
nvidia,2021-06-09T11:59:00.000Z,3425,long
nvidia,2021-06-10T11:59:00.000Z,3426.76,long
nvidia,2021-06-11T11:59:00.000Z,3546.39,long
nvidia,2021-06-12T11:59:00.000Z,3561.44,long
nvidia,2021-06-13T11:59:00.000Z,3576.48,long
nvidia,2021-06-14T11:59:00.000Z,3591.52,long
nvidia,2021-06-15T11:59:00.000Z,3543.22,long
nvidia,2021-06-16T11:59:00.000Z,3630.32,long
nvidia,2021-06-17T11:59:00.000Z,3817.88,long
nvidia,2021-06-18T11:59:00.000Z,3856.44,long
nvidia,2021-06-19T11:59:00.000Z,3819.87,long
nvidia,2021-06-20T11:59:00.000Z,3783.29,long
nvidia,2021-06-21T11:59:00.000Z,3746.72,long
nvidia,2021-06-22T11:59:00.000Z,3840.67,long
nvidia,2021-06-23T11:59:00.000Z,3855.75,long
nvidia,2021-06-24T11:59:00.000Z,3814.3,long
nvidia,2021-06-25T11:59:00.000Z,3766.2,long
nvidia,2021-06-26T11:59:00.000Z,3834.1,long
nvidia,2021-06-27T11:59:00.000Z,3902,long
nvidia,2021-06-28T11:59:00.000Z,3969.9,long
nvidia,2021-06-29T11:59:00.000Z,3980.71,long
nvidia,2021-06-30T11:59:00.000Z,4002.5,long
nvidia,2021-07-01T11:59:00.000Z,4047.66,long
nvidia,2021-07-02T11:59:00.000Z,4045.15,long
nvidia,2021-07-03T11:59:00.000Z,4072.31,long
nvidia,2021-07-04T11:59:00.000Z,4099.47,long
nvidia,2021-07-05T11:59:00.000Z,4126.62,long
nvidia,2021-07-06T11:59:00.000Z,4145,long
nvidia,2021-07-07T11:59:00.000Z,4082.04,short
nvidia,2021-07-08T11:59:00.000Z,3957.02,short
nvidia,2021-07-09T11:59:00.000Z,3983.1,short
nvidia,2021-07-10T11:59:00.000Z,4004.57,short
nvidia,2021-07-11T11:59:00.000Z,4026.03,short
nvidia,2021-07-12T11:59:00.000Z,4047.5,short
nvidia,2021-07-13T11:59:00.000Z,4059.22,short
nvidia,2021-07-14T11:59:00.000Z,3932.69,short
nvidia,2021-07-15T11:59:00.000Z,3786.1,short
nvidia,2021-07-16T11:59:00.000Z,3610.25,short
nvidia,2021-07-17T11:59:00.000Z,3657.03,long
nvidia,2021-07-18T11:59:00.000Z,3703.82,long
nvidia,2021-07-19T11:59:00.000Z,3750.6,long
nvidia,2021-07-20T11:59:00.000Z,3770.45,long
nvidia,2021-07-21T11:59:00.000Z,3898.21,long
nvidia,2021-07-22T11:59:00.000Z,3930.9,long
nvidia,2021-07-23T11:59:00.000Z,3912.04,long
nvidia,2021-07-24T11:59:00.000Z,3893.36,long
nvidia,2021-07-25T11:59:00.000Z,3874.67,long
nvidia,2021-07-26T11:59:00.000Z,3855.99,long
nvidia,2021-07-27T11:59:00.000Z,3822.47,long
nvidia,2021-07-28T11:59:00.000Z,3888.58,long
nvidia,2021-07-29T11:59:00.000Z,3904.02,long
nvidia,2021-07-30T11:59:00.000Z,3882.28,long
nvidia,2021-07-31T11:59:00.000Z,3895.9,long
nvidia,2021-08-01T11:59:00.000Z,3909.52,long
nvidia,2021-08-02T11:59:00.000Z,3923.14,long
nvidia,2021-08-03T11:59:00.000Z,3930,long
nvidia,2021-08-04T11:59:00.000Z,4052.5,long
nvidia,2021-08-05T11:59:00.000Z,4100,long
nvidia,2021-08-06T11:59:00.000Z,4095,long
nvidia,2021-08-07T11:59:00.000Z,4090.3,long
nvidia,2021-08-08T11:59:00.000Z,4085.59,long
nvidia,2021-08-09T11:59:00.000Z,4080.89,long
nvidia,2021-08-10T11:59:00.000Z,4007.77,long
nvidia,2021-08-11T11:59:00.000Z,3928.97,long
nvidia,2021-08-12T11:59:00.000Z,3963.84,long
nvidia,2021-08-13T11:59:00.000Z,4004.04,long
nvidia,2021-08-14T11:59:00.000Z,3988.7,long
nvidia,2021-08-15T11:59:00.000Z,3973.36,long
nvidia,2021-08-16T11:59:00.000Z,3958.02,long
nvidia,2021-08-17T11:59:00.000Z,3891.21,long
nvidia,2021-08-18T11:59:00.000Z,3819.32,long
nvidia,2021-08-19T11:59:00.000Z,3975.24,long
nvidia,2021-08-20T11:59:00.000Z,4232.06,long
nvidia,2021-08-21T11:59:00.000Z,4309.83,long
nvidia,2021-08-22T11:59:00.000Z,4387.59,long
nvidia,2021-08-23T11:59:00.000Z,4465.36,long
nvidia,2021-08-24T11:59:00.000Z,4414.99,long
nvidia,2021-08-25T11:59:00.000Z,4503.05,long
nvidia,2021-08-26T11:59:00.000Z,4498.69,long
nvidia,2021-08-27T11:59:00.000Z,4578.83,long
nvidia,2021-08-28T11:59:00.000Z,4575.11,long
nvidia,2021-08-29T11:59:00.000Z,4571.4,long
nvidia,2021-08-30T11:59:00.000Z,4567.68,long
nvidia,2021-08-31T11:59:00.000Z,4507.9,long
nvidia,2021-09-01T11:59:00.000Z,4491.83,long
nvidia,2021-09-02T11:59:00.000Z,4467.44,long
nvidia,2021-09-03T11:59:00.000Z,4554.95,long
nvidia,2021-09-04T11:59:00.000Z,4564.8,long
nvidia,2021-09-05T11:59:00.000Z,4574.66,long
nvidia,2021-09-06T11:59:00.000Z,4584.51,long
nvidia,2021-09-07T11:59:00.000Z,4521,long
nvidia,2021-09-08T11:59:00.000Z,4446.08,long
nvidia,2021-09-09T11:59:00.000Z,4424.1,long
nvidia,2021-09-10T11:59:00.000Z,4464.96,long
nvidia,2021-09-11T11:59:00.000Z,4441.17,long
nvidia,2021-09-12T11:59:00.000Z,4417.39,long
nvidia,2021-09-13T11:59:00.000Z,4393.6,long
nvidia,2021-09-14T11:59:00.000Z,4439.99,long
nvidia,2021-09-15T11:59:00.000Z,4433.66,long
nvidia,2021-09-16T11:59:00.000Z,4417.47,long
nvidia,2021-09-17T11:59:00.000Z,4401.27,long
nvidia,2021-09-18T11:59:00.000Z,4345.42,long
nvidia,2021-09-19T11:59:00.000Z,4289.58,long
nvidia,2021-09-20T11:59:00.000Z,4233.73,long
nvidia,2021-09-21T11:59:00.000Z,4270.69,long
nvidia,2021-09-22T11:59:00.000Z,4401.45,long
nvidia,2021-09-23T11:59:00.000Z,4507.33,long
nvidia,2021-09-24T11:59:00.000Z,4435.69,long
nvidia,2021-09-25T11:59:00.000Z,4409.96,long
nvidia,2021-09-26T11:59:00.000Z,4384.24,long
nvidia,2021-09-27T11:59:00.000Z,4358.51,long
nvidia,2021-09-28T11:59:00.000Z,4217.84,long
nvidia,2021-09-29T11:59:00.000Z,4214.19,long
nvidia,2021-09-30T11:59:00.000Z,4292,long
nvidia,2021-10-01T11:59:00.000Z,4231.3,long
nvidia,2021-10-02T11:59:00.000Z,4164.24,long
nvidia,2021-10-03T11:59:00.000Z,4097.19,long
nvidia,2021-10-04T11:59:00.000Z,4030.13,long
nvidia,2021-10-05T11:59:00.000Z,4209.87,long
nvidia,2021-10-06T11:59:00.000Z,4244.2,long
nvidia,2021-10-07T11:59:00.000Z,4355.83,long
nvidia,2021-10-08T11:59:00.000Z,4300.01,long
nvidia,2021-10-09T11:59:00.000Z,4309.31,long
nvidia,2021-10-10T11:59:00.000Z,4318.61,long
nvidia,2021-10-11T11:59:00.000Z,4327.91,long
nvidia,2021-10-12T11:59:00.000Z,4281.1,long
nvidia,2021-10-13T11:59:00.000Z,4300,long
nvidia,2021-10-14T11:59:00.000Z,4460.84,long
nvidia,2021-10-15T11:59:00.000Z,4446.15,long
nvidia,2021-10-16T11:59:00.000Z,4474.16,long
nvidia,2021-10-17T11:59:00.000Z,4502.16,long
nvidia,2021-10-18T11:59:00.000Z,4530.17,long
nvidia,2021-10-19T11:59:00.000Z,4510,long
nvidia,2021-10-20T11:59:00.000Z,4451,long
nvidia,2021-10-21T11:59:00.000Z,4600,long
nvidia,2021-10-22T11:59:00.000Z,4589.81,long
nvidia,2021-10-23T11:59:00.000Z,4623.21,long
nvidia,2021-10-24T11:59:00.000Z,4656.6,long
nvidia,2021-10-25T11:59:00.000Z,4690,long
nvidia,2021-10-26T11:59:00.000Z,5011.27,long
nvidia,2021-10-27T11:59:00.000Z,4972.09,long
nvidia,2021-10-28T11:59:00.000Z,5070.3,long
nvidia,2021-10-29T11:59:00.000Z,5257.89,long
nvidia,2021-10-30T11:59:00.000Z,5290.91,long
nvidia,2021-10-31T11:59:00.000Z,5323.93,long
nvidia,2021-11-01T11:59:00.000Z,5356.95,long
nvidia,2021-11-02T11:59:00.000Z,5419.74,long
nvidia,2021-11-03T11:59:00.000Z,5482.52,long
nvidia,2021-11-04T11:59:00.000Z,6111.81,long
nvidia,2021-11-05T11:59:00.000Z,6048.96,long
nvidia,2021-11-06T11:59:00.000Z,6116,long
nvidia,2021-11-07T11:59:00.000Z,6183.03,long
nvidia,2021-11-08T11:59:00.000Z,6250.07,long
nvidia,2021-11-09T11:59:00.000Z,6234.55,long
nvidia,2021-11-10T11:59:00.000Z,6082.58,long
nvidia,2021-11-11T11:59:00.000Z,6298.09,long
nvidia,2021-11-12T11:59:00.000Z,6238.78,long
nvidia,2021-11-13T11:59:00.000Z,6242.25,long
nvidia,2021-11-14T11:59:00.000Z,6245.73,long
nvidia,2021-11-15T11:59:00.000Z,6249.21,long
nvidia,2021-11-16T11:59:00.000Z,6252.68,long
nvidia,2021-11-17T11:59:00.000Z,6025.3,long
nvidia,2021-11-18T11:59:00.000Z,6593.8,long
nvidia,2021-11-19T11:59:00.000Z,6866.1,long
nvidia,2021-11-20T11:59:00.000Z,6831.81,long
nvidia,2021-11-21T11:59:00.000Z,6797.51,long
nvidia,2021-11-22T11:59:00.000Z,6763.22,long
nvidia,2021-11-23T11:59:00.000Z,6726.89,long
nvidia,2021-11-24T11:59:00.000Z,7010.25,long
nvidia,2021-11-25T11:59:00.000Z,6624.73,long
nvidia,2021-11-26T11:59:00.000Z,6975.39,long
nvidia,2021-11-27T11:59:00.000Z,7052.99,long
nvidia,2021-11-28T11:59:00.000Z,7130.58,long
nvidia,2021-11-29T11:59:00.000Z,7208.18,short
nvidia,2021-11-30T11:59:00.000Z,6961.19,short
nvidia,2021-12-01T11:59:00.000Z,6767.4,short
nvidia,2021-12-02T11:59:00.000Z,6835.05,short
nvidia,2021-12-03T11:59:00.000Z,6476.68,short
nvidia,2021-12-04T11:59:00.000Z,6447.24,short
nvidia,2021-12-05T11:59:00.000Z,6417.81,short
nvidia,2021-12-06T11:59:00.000Z,6388.37,short
nvidia,2021-12-07T11:59:00.000Z,6780.83,short
nvidia,2021-12-08T11:59:00.000Z,6671.52,short
nvidia,2021-12-09T11:59:00.000Z,6425.58,short
nvidia,2021-12-10T11:59:00.000Z,6278.67,short
nvidia,2021-12-11T11:59:00.000Z,6173.95,short
nvidia,2021-12-12T11:59:00.000Z,6069.23,short
nvidia,2021-12-13T11:59:00.000Z,5964.51,short
nvidia,2021-12-14T11:59:00.000Z,6009.18,short
nvidia,2021-12-15T11:59:00.000Z,6350.99,short
nvidia,2021-12-16T11:59:00.000Z,5906.34,short
nvidia,2021-12-17T11:59:00.000Z,5824.83,short
nvidia,2021-12-18T11:59:00.000Z,5799.18,short
nvidia,2021-12-19T11:59:00.000Z,5773.53,short
nvidia,2021-12-20T11:59:00.000Z,5747.88,short
nvidia,2021-12-21T11:59:00.000Z,6028.67,short
nvidia,2021-12-22T11:59:00.000Z,6067.65,short
nvidia,2021-12-23T11:59:00.000Z,6135.98,short
nvidia,2021-12-24T11:59:00.000Z,6100,short
nvidia,2021-12-25T11:59:00.000Z,6198.52,short
nvidia,2021-12-26T11:59:00.000Z,6297.04,short
nvidia,2021-12-27T11:59:00.000Z,6395.56,short
nvidia,2021-12-28T11:59:00.000Z,6268.31,short
nvidia,2021-12-29T11:59:00.000Z,6183.16,short
nvidia,2021-12-30T11:59:00.000Z,6084.05,short
nvidia,2021-12-31T11:59:00.000Z,6037.27,short
nvidia,2022-01-01T11:59:00.000Z,6077.54,short
nvidia,2022-01-02T11:59:00.000Z,6117.82,short
nvidia,2022-01-03T11:59:00.000Z,6158.09,short
nvidia,2022-01-04T11:59:00.000Z,6034.98,short
nvidia,2022-01-05T11:59:00.000Z,5706.14,short
nvidia,2022-01-06T11:59:00.000Z,5765.16,short
nvidia,2022-01-07T11:59:00.000Z,5562.08,short
nvidia,2022-01-08T11:59:00.000Z,5554.73,short
nvidia,2022-01-09T11:59:00.000Z,5547.38,short
nvidia,2022-01-10T11:59:00.000Z,5540.03,short
nvidia,2022-01-11T11:59:00.000Z,5657.74,short
nvidia,2022-01-12T11:59:00.000Z,5693.06,short
nvidia,2022-01-13T11:59:00.000Z,5403.05,short
nvidia,2022-01-14T11:59:00.000Z,5456.46,short
nvidia,2022-01-15T11:59:00.000Z,5456.46,short
nvidia,2022-01-16T11:59:00.000Z,5456.46,short
nvidia,2022-01-17T11:59:00.000Z,5456.46,short
nvidia,2022-01-18T11:59:00.000Z,5282.71,short
nvidia,2022-01-19T11:59:00.000Z,5158.7,short
nvidia,2022-01-20T11:59:00.000Z,4979.07,short
nvidia,2022-01-21T11:59:00.000Z,4814.96,short
nvidia,2022-01-22T11:59:00.000Z,4795.49,short
nvidia,2022-01-23T11:59:00.000Z,4776.01,short
nvidia,2022-01-24T11:59:00.000Z,4756.54,short
nvidia,2022-01-25T11:59:00.000Z,4655.63,short
nvidia,2022-01-26T11:59:00.000Z,4713.2,short
nvidia,2022-01-27T11:59:00.000Z,4573.88,short
nvidia,2022-01-28T11:59:00.000Z,4714.63,long
nvidia,2022-01-29T11:59:00.000Z,4813.18,long
nvidia,2022-01-30T11:59:00.000Z,4911.73,long
nvidia,2022-01-31T11:59:00.000Z,5010.28,long
nvidia,2022-02-01T11:59:00.000Z,5040.02,long
nvidia,2022-02-02T11:59:00.000Z,5180.78,long
nvidia,2022-02-03T11:59:00.000Z,4934.12,long
nvidia,2022-02-04T11:59:00.000Z,5054.42,long
nvidia,2022-02-05T11:59:00.000Z,5083.81,long
nvidia,2022-02-06T11:59:00.000Z,5113.21,long
nvidia,2022-02-07T11:59:00.000Z,5142.6,long
nvidia,2022-02-08T11:59:00.000Z,5172,long
nvidia,2022-02-09T11:59:00.000Z,5459.75,short
nvidia,2022-02-10T11:59:00.000Z,5288.54,short
nvidia,2022-02-11T11:59:00.000Z,4914.6,short
nvidia,2022-02-12T11:59:00.000Z,4929.42,short
nvidia,2022-02-13T11:59:00.000Z,4944.23,short
nvidia,2022-02-14T11:59:00.000Z,4959.05,short
nvidia,2022-02-15T11:59:00.000Z,5391.82,short
nvidia,2022-02-16T11:59:00.000Z,5382.35,short
nvidia,2022-02-17T11:59:00.000Z,4979.2,short
nvidia,2022-02-18T11:59:00.000Z,4800.86,short
nvidia,2022-02-19T11:59:00.000Z,4744.13,short
nvidia,2022-02-20T11:59:00.000Z,4687.4,short
nvidia,2022-02-21T11:59:00.000Z,4630.67,short
nvidia,2022-02-22T11:59:00.000Z,4758.01,short
nvidia,2022-02-23T11:59:00.000Z,4530.98,short
nvidia,2022-02-24T11:59:00.000Z,4879.89,short
nvidia,2022-02-25T11:59:00.000Z,4909.24,short
nvidia,2022-02-26T11:59:00.000Z,4920.96,short
nvidia,2022-02-27T11:59:00.000Z,4932.68,short
nvidia,2022-02-28T11:59:00.000Z,4944.4,short
nvidia,2022-03-01T11:59:00.000Z,4801.44,short
nvidia,2022-03-02T11:59:00.000Z,5002.54,short
nvidia,2022-03-03T11:59:00.000Z,4865.01,short
nvidia,2022-03-04T11:59:00.000Z,4751.11,short
nvidia,2022-03-05T11:59:00.000Z,4695.86,short
nvidia,2022-03-06T11:59:00.000Z,4640.61,short
nvidia,2022-03-07T11:59:00.000Z,4585.36,short
nvidia,2022-03-08T11:59:00.000Z,4625.95,short
nvidia,2022-03-09T11:59:00.000Z,4819.73,short
nvidia,2022-03-10T11:59:00.000Z,4743.96,short
nvidia,2022-03-11T11:59:00.000Z,4633.23,short
nvidia,2022-03-12T11:59:00.000Z,4586.06,short
nvidia,2022-03-13T11:59:00.000Z,4538.9,short
nvidia,2022-03-14T11:59:00.000Z,4491.73,long
nvidia,2022-03-15T11:59:00.000Z,4771.68,long
nvidia,2022-03-16T11:59:00.000Z,5040,long
nvidia,2022-03-17T11:59:00.000Z,5086.67,long
nvidia,2022-03-18T11:59:00.000Z,5369.83,long
nvidia,2022-03-19T11:59:00.000Z,5372.64,long
nvidia,2022-03-20T11:59:00.000Z,5375.45,long
nvidia,2022-03-21T11:59:00.000Z,5378.25,long
nvidia,2022-03-22T11:59:00.000Z,5381.06,long
nvidia,2022-03-23T11:59:00.000Z,5204.34,long
nvidia,2022-03-24T11:59:00.000Z,5645.1,long
nvidia,2022-03-25T11:59:00.000Z,5525.58,long
nvidia,2022-03-26T11:59:00.000Z,5571.6,long
nvidia,2022-03-27T11:59:00.000Z,5617.63,long
nvidia,2022-03-28T11:59:00.000Z,5663.65,long
nvidia,2022-03-29T11:59:00.000Z,5713.59,long
nvidia,2022-03-30T11:59:00.000Z,5490.77,short
nvidia,2022-03-31T11:59:00.000Z,5486.84,short
nvidia,2022-04-01T11:59:00.000Z,5282.43,short
nvidia,2022-04-02T11:59:00.000Z,5332.13,short
nvidia,2022-04-03T11:59:00.000Z,5381.83,short
nvidia,2022-04-04T11:59:00.000Z,5431.53,short
nvidia,2022-04-05T11:59:00.000Z,5182.19,short
nvidia,2022-04-06T11:59:00.000Z,4920,short
nvidia,2022-04-07T11:59:00.000Z,4936.85,short
nvidia,2022-04-08T11:59:00.000Z,4637.89,short
nvidia,2022-04-09T11:59:00.000Z,4549.84,short
nvidia,2022-04-10T11:59:00.000Z,4461.79,short
nvidia,2022-04-11T11:59:00.000Z,4373.74,short
nvidia,2022-04-12T11:59:00.000Z,4265.42,short
nvidia,2022-04-13T11:59:00.000Z,4420.03,short
nvidia,2022-04-14T11:59:00.000Z,4394.66,short
nvidia,2022-04-15T11:59:00.000Z,4369.3,short
nvidia,2022-04-16T11:59:00.000Z,4343.93,short
nvidia,2022-04-17T11:59:00.000Z,4318.57,short
nvidia,2022-04-18T11:59:00.000Z,4293.2,short
nvidia,2022-04-19T11:59:00.000Z,4446.8,short
nvidia,2022-04-20T11:59:00.000Z,4307.15,short
nvidia,2022-04-21T11:59:00.000Z,4049.56,short
nvidia,2022-04-22T11:59:00.000Z,3969.85,short
nvidia,2022-04-23T11:59:00.000Z,3986.65,short
nvidia,2022-04-24T11:59:00.000Z,4003.46,short
nvidia,2022-04-25T11:59:00.000Z,4020.26,short
nvidia,2022-04-26T11:59:00.000Z,3835.13,short
nvidia,2022-04-27T11:59:00.000Z,3755.76,short
nvidia,2022-04-28T11:59:00.000Z,4048.07,short
nvidia,2022-04-29T11:59:00.000Z,3797.52,short
nvidia,2022-04-30T11:59:00.000Z,3856.03,short
nvidia,2022-05-01T11:59:00.000Z,3914.54,short
nvidia,2022-05-02T11:59:00.000Z,3973.05,short
nvidia,2022-05-03T11:59:00.000Z,3944.71,short
nvidia,2022-05-04T11:59:00.000Z,4068.86,short
nvidia,2022-05-05T11:59:00.000Z,3797.39,short
nvidia,2022-05-06T11:59:00.000Z,3775.7,short
nvidia,2022-05-07T11:59:00.000Z,3666.38,short
nvidia,2022-05-08T11:59:00.000Z,3557.05,short
nvidia,2022-05-09T11:59:00.000Z,3447.73,short
nvidia,2022-05-10T11:59:00.000Z,3602.66,short
nvidia,2022-05-11T11:59:00.000Z,3386.99,short
nvidia,2022-05-12T11:59:00.000Z,3259.62,short
nvidia,2022-05-13T11:59:00.000Z,3548.04,short
nvidia,2022-05-14T11:59:00.000Z,3516.33,short
nvidia,2022-05-15T11:59:00.000Z,3484.62,short
nvidia,2022-05-16T11:59:00.000Z,3452.91,short
nvidia,2022-05-17T11:59:00.000Z,3617.47,short
nvidia,2022-05-18T11:59:00.000Z,3406.99,short
nvidia,2022-05-19T11:59:00.000Z,3418.51,short
nvidia,2022-05-20T11:59:00.000Z,3264.31,short
nvidia,2022-05-21T11:59:00.000Z,3286.21,short
nvidia,2022-05-22T11:59:00.000Z,3308.11,short
nvidia,2022-05-23T11:59:00.000Z,3330.01,short
nvidia,2022-05-24T11:59:00.000Z,3210.98,short
nvidia,2022-05-25T11:59:00.000Z,3336.87,long
nvidia,2022-05-26T11:59:00.000Z,3532.67,long
nvidia,2022-05-27T11:59:00.000Z,3671.04,long
nvidia,2022-05-28T11:59:00.000Z,3712.46,long
nvidia,2022-05-29T11:59:00.000Z,3753.89,long
nvidia,2022-05-30T11:59:00.000Z,3795.31,long
nvidia,2022-05-31T11:59:00.000Z,3680.43,short
nvidia,2022-06-01T11:59:00.000Z,3616.2,short
nvidia,2022-06-02T11:59:00.000Z,3822.66,short
nvidia,2022-06-03T11:59:00.000Z,3663.31,short
nvidia,2022-06-04T11:59:00.000Z,3671.37,short
nvidia,2022-06-05T11:59:00.000Z,3679.43,short
nvidia,2022-06-06T11:59:00.000Z,3687.49,short
nvidia,2022-06-07T11:59:00.000Z,3714.2,short
nvidia,2022-06-08T11:59:00.000Z,3635,short
nvidia,2022-06-09T11:59:00.000Z,3607.64,short
nvidia,2022-06-10T11:59:00.000Z,3398.1,short
nvidia,2022-06-11T11:59:00.000Z,3337.02,short
nvidia,2022-06-12T11:59:00.000Z,3275.94,short
nvidia,2022-06-13T11:59:00.000Z,3214.86,short
nvidia,2022-06-14T11:59:00.000Z,3263.37,short
nvidia,2022-06-15T11:59:00.000Z,3360.97,short
nvidia,2022-06-16T11:59:00.000Z,3167.58,short
nvidia,2022-06-17T11:59:00.000Z,3242.06,short
nvidia,2022-06-18T11:59:00.000Z,3241.38,short
nvidia,2022-06-19T11:59:00.000Z,3240.69,short
nvidia,2022-06-20T11:59:00.000Z,3240.01,short
nvidia,2022-06-21T11:59:00.000Z,3327.71,short
nvidia,2022-06-22T11:59:00.000Z,3281,short
nvidia,2022-06-23T11:59:00.000Z,3255.08,short
nvidia,2022-06-24T11:59:00.000Z,3377.94,short
nvidia,2022-06-25T11:59:00.000Z,3373.37,short
nvidia,2022-06-26T11:59:00.000Z,3368.81,short
nvidia,2022-06-27T11:59:00.000Z,3364.24,short
nvidia,2022-06-28T11:59:00.000Z,3228.51,short
nvidia,2022-06-29T11:59:00.000Z,3114.58,short
nvidia,2022-06-30T11:59:00.000Z,3061.09,short
nvidia,2022-07-01T11:59:00.000Z,2939.99,short
nvidia,2022-07-02T11:59:00.000Z,2954.99,long
nvidia,2022-07-03T11:59:00.000Z,2970,long
nvidia,2022-07-04T11:59:00.000Z,2985,long
nvidia,2022-07-05T11:59:00.000Z,3062.76,long
nvidia,2022-07-06T11:59:00.000Z,3125.98,long
nvidia,2022-07-07T11:59:00.000Z,3249.05,long
nvidia,2022-07-08T11:59:00.000Z,3244.21,long
nvidia,2022-07-09T11:59:00.000Z,3208.9,long
nvidia,2022-07-10T11:59:00.000Z,3173.58,long
nvidia,2022-07-11T11:59:00.000Z,3138.27,long
nvidia,2022-07-12T11:59:00.000Z,3138.23,long
nvidia,2022-07-13T11:59:00.000Z,3150.62,long
nvidia,2022-07-14T11:59:00.000Z,3186.33,long
nvidia,2022-07-15T11:59:00.000Z,3232.34,long
nvidia,2022-07-16T11:59:00.000Z,3252.37,long
nvidia,2022-07-17T11:59:00.000Z,3272.4,long
nvidia,2022-07-18T11:59:00.000Z,3292.43,long
nvidia,2022-07-19T11:59:00.000Z,3489.91,long
nvidia,2022-07-20T11:59:00.000Z,3661.03,long
nvidia,2022-07-21T11:59:00.000Z,3723.3,long
nvidia,2022-07-22T11:59:00.000Z,3554.68,long
nvidia,2022-07-23T11:59:00.000Z,3529.47,long
nvidia,2022-07-24T11:59:00.000Z,3504.26,long
nvidia,2022-07-25T11:59:00.000Z,3479.05,long
nvidia,2022-07-26T11:59:00.000Z,3378.3,long
nvidia,2022-07-27T11:59:00.000Z,3622.03,long
nvidia,2022-07-28T11:59:00.000Z,3645.94,long
nvidia,2022-07-29T11:59:00.000Z,3701.83,long
nvidia,2022-07-30T11:59:00.000Z,3717.89,long
nvidia,2022-07-31T11:59:00.000Z,3733.95,long
nvidia,2022-08-01T11:59:00.000Z,3750.01,long
nvidia,2022-08-02T11:59:00.000Z,3862.87,long
nvidia,2022-08-03T11:59:00.000Z,3869.53,long
nvidia,2022-08-04T11:59:00.000Z,3897.79,short
nvidia,2022-08-05T11:59:00.000Z,3858.65,short
nvidia,2022-08-06T11:59:00.000Z,3773.03,short
nvidia,2022-08-07T11:59:00.000Z,3687.41,short
nvidia,2022-08-08T11:59:00.000Z,3601.79,short
nvidia,2022-08-09T11:59:00.000Z,3456.03,short
nvidia,2022-08-10T11:59:00.000Z,3619.4,short
nvidia,2022-08-11T11:59:00.000Z,3584.67,short
nvidia,2022-08-12T11:59:00.000Z,3707.86,short
nvidia,2022-08-13T11:59:00.000Z,3737.5,short
nvidia,2022-08-14T11:59:00.000Z,3767.14,short
nvidia,2022-08-15T11:59:00.000Z,3796.78,short
nvidia,2022-08-16T11:59:00.000Z,3741.33,short
nvidia,2022-08-17T11:59:00.000Z,3664.84,short
nvidia,2022-08-18T11:59:00.000Z,3772.63,short
nvidia,2022-08-19T11:59:00.000Z,3619.98,short
nvidia,2022-08-20T11:59:00.000Z,3555.38,short
nvidia,2022-08-21T11:59:00.000Z,3490.79,short
nvidia,2022-08-22T11:59:00.000Z,3426.19,short
nvidia,2022-08-23T11:59:00.000Z,3448.93,short
nvidia,2022-08-24T11:59:00.000Z,3439.8,short
nvidia,2022-08-25T11:59:00.000Z,3557.77,short
nvidia,2022-08-26T11:59:00.000Z,3300,short
nvidia,2022-08-27T11:59:00.000Z,3259.07,short
nvidia,2022-08-28T11:59:00.000Z,3218.14,short
nvidia,2022-08-29T11:59:00.000Z,3177.21,short
nvidia,2022-08-30T11:59:00.000Z,3106.39,short
nvidia,2022-08-31T11:59:00.000Z,3060,short
nvidia,2022-09-01T11:59:00.000Z,2814.86,short
nvidia,2022-09-02T11:59:00.000Z,2721.73,short
nvidia,2022-09-03T11:59:00.000Z,2724.49,short
nvidia,2022-09-04T11:59:00.000Z,2727.24,short
nvidia,2022-09-05T11:59:00.000Z,2730,short
nvidia,2022-09-06T11:59:00.000Z,2716.93,short
nvidia,2022-09-07T11:59:00.000Z,2750.38,short
nvidia,2022-09-08T11:59:00.000Z,2776.38,short
nvidia,2022-09-09T11:59:00.000Z,2860.88,short
nvidia,2022-09-10T11:59:00.000Z,2863.7,short
nvidia,2022-09-11T11:59:00.000Z,2866.52,short
nvidia,2022-09-12T11:59:00.000Z,2869.34,short
nvidia,2022-09-13T11:59:00.000Z,2641.59,short
nvidia,2022-09-14T11:59:00.000Z,2605,short
nvidia,2022-09-15T11:59:00.000Z,2599.78,short
nvidia,2022-09-16T11:59:00.000Z,2615.3,short
nvidia,2022-09-17T11:59:00.000Z,2630.82,short
nvidia,2022-09-18T11:59:00.000Z,2646.34,short
nvidia,2022-09-19T11:59:00.000Z,2661.86,short
nvidia,2022-09-20T11:59:00.000Z,2630.01,short
nvidia,2022-09-21T11:59:00.000Z,2658.86,short
nvidia,2022-09-22T11:59:00.000Z,2531.06,short
nvidia,2022-09-23T11:59:00.000Z,2523.28,short
nvidia,2022-09-24T11:59:00.000Z,2515.95,short
nvidia,2022-09-25T11:59:00.000Z,2508.61,short
nvidia,2022-09-26T11:59:00.000Z,2501.28,short
nvidia,2022-09-27T11:59:00.000Z,2500.03,short
nvidia,2022-09-28T11:59:00.000Z,2571.3,short
nvidia,2022-09-29T11:59:00.000Z,2466.44,short
nvidia,2022-09-30T11:59:00.000Z,2455.62,short
nvidia,2022-10-01T11:59:00.000Z,2477.18,short
nvidia,2022-10-02T11:59:00.000Z,2498.74,short
nvidia,2022-10-03T11:59:00.000Z,2520.3,short
nvidia,2022-10-04T11:59:00.000Z,2613.81,short
nvidia,2022-10-05T11:59:00.000Z,2651.28,short
nvidia,2022-10-06T11:59:00.000Z,2640,short
nvidia,2022-10-07T11:59:00.000Z,2425.42,short
nvidia,2022-10-08T11:59:00.000Z,2400.28,short
nvidia,2022-10-09T11:59:00.000Z,2375.14,short
nvidia,2022-10-10T11:59:00.000Z,2350,short
nvidia,2022-10-11T11:59:00.000Z,2293.43,short
nvidia,2022-10-12T11:59:00.000Z,2301,short
nvidia,2022-10-13T11:59:00.000Z,2393,short
nvidia,2022-10-14T11:59:00.000Z,2261.32,short
nvidia,2022-10-15T11:59:00.000Z,2301.55,long
nvidia,2022-10-16T11:59:00.000Z,2341.77,long
nvidia,2022-10-17T11:59:00.000Z,2382,long
nvidia,2022-10-18T11:59:00.000Z,2355.04,long
nvidia,2022-10-19T11:59:00.000Z,2409,long
nvidia,2022-10-20T11:59:00.000Z,2445,long
nvidia,2022-10-21T11:59:00.000Z,2484.04,long
nvidia,2022-10-22T11:59:00.000Z,2492.68,long
nvidia,2022-10-23T11:59:00.000Z,2501.31,long
nvidia,2022-10-24T11:59:00.000Z,2509.95,long
nvidia,2022-10-25T11:59:00.000Z,2629.84,long
nvidia,2022-10-26T11:59:00.000Z,2578.93,long
nvidia,2022-10-27T11:59:00.000Z,2620,long
nvidia,2022-10-28T11:59:00.000Z,2732.12,long
nvidia,2022-10-29T11:59:00.000Z,2713.6,long
nvidia,2022-10-30T11:59:00.000Z,2695.07,long
nvidia,2022-10-31T11:59:00.000Z,2676.55,long
nvidia,2022-11-01T11:59:00.000Z,2676.35,long
nvidia,2022-11-02T11:59:00.000Z,2666.34,long
nvidia,2022-11-03T11:59:00.000Z,2656.32,long
nvidia,2022-11-04T11:59:00.000Z,2760,long
nvidia,2022-11-05T11:59:00.000Z,2768,long
nvidia,2022-11-06T11:59:00.000Z,2776.01,long
nvidia,2022-11-07T11:59:00.000Z,2784.01,long
nvidia,2022-11-08T11:59:00.000Z,2852.01,long
nvidia,2022-11-09T11:59:00.000Z,2700,long
nvidia,2022-11-10T11:59:00.000Z,3031.87,long
nvidia,2022-11-11T11:59:00.000Z,3178.49,long
nvidia,2022-11-12T11:59:00.000Z,3177.24,long
nvidia,2022-11-13T11:59:00.000Z,3175.99,long
nvidia,2022-11-14T11:59:00.000Z,3174.74,long
nvidia,2022-11-15T11:59:00.000Z,3224.28,long
nvidia,2022-11-16T11:59:00.000Z,3081.83,long
nvidia,2022-11-17T11:59:00.000Z,3024.38,long
nvidia,2022-11-18T11:59:00.000Z,2990.05,long
nvidia,2022-11-19T11:59:00.000Z,3018.68,long
nvidia,2022-11-20T11:59:00.000Z,3047.32,long
nvidia,2022-11-21T11:59:00.000Z,3075.95,long
nvidia,2022-11-22T11:59:00.000Z,3104.58,long
nvidia,2022-11-23T11:59:00.000Z,3177.79,long
nvidia,2022-11-24T11:59:00.000Z,3182,long
nvidia,2022-11-25T11:59:00.000Z,3151,long
nvidia,2022-11-26T11:59:00.000Z,3113.76,long
nvidia,2022-11-27T11:59:00.000Z,3076.53,long
nvidia,2022-11-28T11:59:00.000Z,3039.29,long
nvidia,2022-11-29T11:59:00.000Z,3005,long
nvidia,2022-11-30T11:59:00.000Z,3239.5,long
nvidia,2022-12-01T11:59:00.000Z,3299.95,long
nvidia,2022-12-02T11:59:00.000Z,3239.81,long
nvidia,2022-12-03T11:59:00.000Z,3247.65,long
nvidia,2022-12-04T11:59:00.000Z,3255.49,long
nvidia,2022-12-05T11:59:00.000Z,3263.33,long
nvidia,2022-12-06T11:59:00.000Z,3146.3,long
nvidia,2022-12-07T11:59:00.000Z,3165.11,long
nvidia,2022-12-08T11:59:00.000Z,3363.24,long
nvidia,2022-12-09T11:59:00.000Z,3356.8,long
nvidia,2022-12-10T11:59:00.000Z,3398.37,long
nvidia,2022-12-11T11:59:00.000Z,3439.94,long
nvidia,2022-12-12T11:59:00.000Z,3481.5,long
nvidia,2022-12-13T11:59:00.000Z,3523.07,long
nvidia,2022-12-14T11:59:00.000Z,3476.2,short
nvidia,2022-12-15T11:59:00.000Z,3369.99,short
nvidia,2022-12-16T11:59:00.000Z,3289.21,short
nvidia,2022-12-17T11:59:00.000Z,3266.81,short
nvidia,2022-12-18T11:59:00.000Z,3244.4,short
nvidia,2022-12-19T11:59:00.000Z,3222,short
nvidia,2022-12-20T11:59:00.000Z,3188.68,short
nvidia,2022-12-21T11:59:00.000Z,3244.4,short
nvidia,2022-12-22T11:59:00.000Z,3008,short
nvidia,2022-12-23T11:59:00.000Z,2920.01,short
nvidia,2022-12-24T11:59:00.000Z,2936.37,short
nvidia,2022-12-25T11:59:00.000Z,2952.73,short
nvidia,2022-12-26T11:59:00.000Z,2969.09,short
nvidia,2022-12-27T11:59:00.000Z,2720.01,short
nvidia,2022-12-28T11:59:00.000Z,2724.15,long
nvidia,2022-12-29T11:59:00.000Z,2850,long
nvidia,2022-12-30T11:59:00.000Z,2842,long
nvidia,2022-12-31T11:59:00.000Z,2842,long
nvidia,2023-01-01T11:59:00.000Z,2842,long
nvidia,2023-01-02T11:59:00.000Z,2842,long
nvidia,2023-01-03T11:59:00.000Z,2770,long
nvidia,2023-01-04T11:59:00.000Z,2844.9,long
nvidia,2023-01-05T11:59:00.000Z,2758.84,long
nvidia,2023-01-06T11:59:00.000Z,2847,long
nvidia,2023-01-07T11:59:00.000Z,2901.33,long
nvidia,2023-01-08T11:59:00.000Z,2955.67,long
nvidia,2023-01-09T11:59:00.000Z,3010,long
nvidia,2023-01-10T11:59:00.000Z,3020.29,long
nvidia,2023-01-11T11:59:00.000Z,2998.03,long
nvidia,2023-01-12T11:59:00.000Z,3105.09,long
nvidia,2023-01-13T11:59:00.000Z,3170,long
nvidia,2023-01-14T11:59:00.000Z,3170,long
nvidia,2023-01-15T11:59:00.000Z,3170,long
nvidia,2023-01-16T11:59:00.000Z,3170,long
nvidia,2023-01-17T11:59:00.000Z,3300,long
nvidia,2023-01-18T11:59:00.000Z,3297.54,long
nvidia,2023-01-19T11:59:00.000Z,3194.66,long
nvidia,2023-01-20T11:59:00.000Z,3364.03,long
nvidia,2023-01-21T11:59:00.000Z,3442.51,long
nvidia,2023-01-22T11:59:00.000Z,3520.99,long
nvidia,2023-01-23T11:59:00.000Z,3599.47,long
nvidia,2023-01-24T11:59:00.000Z,3592.76,long
nvidia,2023-01-25T11:59:00.000Z,3628,long
nvidia,2023-01-26T11:59:00.000Z,3714.73,long
nvidia,2023-01-27T11:59:00.000Z,3822.79,long
nvidia,2023-01-28T11:59:00.000Z,3748.86,long
nvidia,2023-01-29T11:59:00.000Z,3674.93,long
nvidia,2023-01-30T11:59:00.000Z,3601,long
nvidia,2023-01-31T11:59:00.000Z,3664.41,long
nvidia,2023-02-01T11:59:00.000Z,3900.24,long
nvidia,2023-02-02T11:59:00.000Z,4000.39,long
nvidia,2023-02-03T11:59:00.000Z,3988.08,long
nvidia,2023-02-04T11:59:00.000Z,4038.3,long
nvidia,2023-02-05T11:59:00.000Z,4088.52,long
nvidia,2023-02-06T11:59:00.000Z,4138.73,long
nvidia,2023-02-07T11:59:00.000Z,4188.95,long
nvidia,2023-02-08T11:59:00.000Z,4194.72,long
nvidia,2023-02-09T11:59:00.000Z,4183.23,short
nvidia,2023-02-10T11:59:00.000Z,3970,short
nvidia,2023-02-11T11:59:00.000Z,3998.5,short
nvidia,2023-02-12T11:59:00.000Z,4027,short
nvidia,2023-02-13T11:59:00.000Z,4055.5,short
nvidia,2023-02-14T11:59:00.000Z,4261.74,short
nvidia,2023-02-15T11:59:00.000Z,4240,short
nvidia,2023-02-16T11:59:00.000Z,4090,short
nvidia,2023-02-17T11:59:00.000Z,3942.59,short
nvidia,2023-02-18T11:59:00.000Z,3942.59,short
nvidia,2023-02-19T11:59:00.000Z,3942.59,short
nvidia,2023-02-20T11:59:00.000Z,3942.59,short
nvidia,2023-02-21T11:59:00.000Z,3810.64,short
nvidia,2023-02-22T11:59:00.000Z,3810,short
nvidia,2023-02-23T11:59:00.000Z,4348.75,long
nvidia,2023-02-24T11:59:00.000Z,4280.55,long
nvidia,2023-02-25T11:59:00.000Z,4287.04,long
nvidia,2023-02-26T11:59:00.000Z,4293.52,long
nvidia,2023-02-27T11:59:00.000Z,4300.01,long
nvidia,2023-02-28T11:59:00.000Z,4255.1,long
nvidia,2023-03-01T11:59:00.000Z,4124.71,long
nvidia,2023-03-02T11:59:00.000Z,4217.11,long
nvidia,2023-03-03T11:59:00.000Z,4285.5,long
nvidia,2023-03-04T11:59:00.000Z,4274.19,long
nvidia,2023-03-05T11:59:00.000Z,4262.89,long
nvidia,2023-03-06T11:59:00.000Z,4251.58,long
nvidia,2023-03-07T11:59:00.000Z,4242,long
nvidia,2023-03-08T11:59:00.000Z,4337.27,long
nvidia,2023-03-09T11:59:00.000Z,4303.58,long
nvidia,2023-03-10T11:59:00.000Z,4250,long
nvidia,2023-03-11T11:59:00.000Z,4292.67,long
nvidia,2023-03-12T11:59:00.000Z,4335.33,long
nvidia,2023-03-13T11:59:00.000Z,4378,long
nvidia,2023-03-14T11:59:00.000Z,4459.11,long
nvidia,2023-03-15T11:59:00.000Z,4559.98,long
nvidia,2023-03-16T11:59:00.000Z,4783.11,long
nvidia,2023-03-17T11:59:00.000Z,4893.54,long
nvidia,2023-03-18T11:59:00.000Z,4896.61,long
nvidia,2023-03-19T11:59:00.000Z,4899.68,long
nvidia,2023-03-20T11:59:00.000Z,4902.74,long
nvidia,2023-03-21T11:59:00.000Z,4905.81,long
nvidia,2023-03-22T11:59:00.000Z,4965.65,long
nvidia,2023-03-23T11:59:00.000Z,5068.27,long
nvidia,2023-03-24T11:59:00.000Z,4939,long
nvidia,2023-03-25T11:59:00.000Z,4914.03,long
nvidia,2023-03-26T11:59:00.000Z,4889.06,long
nvidia,2023-03-27T11:59:00.000Z,4864.09,long
nvidia,2023-03-28T11:59:00.000Z,4800,long
nvidia,2023-03-29T11:59:00.000Z,4870,long
nvidia,2023-03-30T11:59:00.000Z,4955.01,long
nvidia,2023-03-31T11:59:00.000Z,4985.85,long
nvidia,2023-04-01T11:59:00.000Z,5000.39,long
nvidia,2023-04-02T11:59:00.000Z,5014.94,long
nvidia,2023-04-03T11:59:00.000Z,5029.48,long
nvidia,2023-04-04T11:59:00.000Z,4960.92,long
nvidia,2023-04-05T11:59:00.000Z,4920.48,long
nvidia,2023-04-06T11:59:00.000Z,4938.38,long
nvidia,2023-04-07T11:59:00.000Z,4956.28,long
nvidia,2023-04-08T11:59:00.000Z,4974.18,long
nvidia,2023-04-09T11:59:00.000Z,4992.08,long
nvidia,2023-04-10T11:59:00.000Z,5009.98,long
nvidia,2023-04-11T11:59:00.000Z,4947.42,long
nvidia,2023-04-12T11:59:00.000Z,4808,long
nvidia,2023-04-13T11:59:00.000Z,4776,long
nvidia,2023-04-14T11:59:00.000Z,4823,long
nvidia,2023-04-15T11:59:00.000Z,4834.85,long
nvidia,2023-04-16T11:59:00.000Z,4846.69,long
nvidia,2023-04-17T11:59:00.000Z,4858.54,long
nvidia,2023-04-18T11:59:00.000Z,4990,long
nvidia,2023-04-19T11:59:00.000Z,5037.91,long
nvidia,2023-04-20T11:59:00.000Z,4887.66,long
nvidia,2023-04-21T11:59:00.000Z,4887.65,long
nvidia,2023-04-22T11:59:00.000Z,4877.85,long
nvidia,2023-04-23T11:59:00.000Z,4868.05,long
nvidia,2023-04-24T11:59:00.000Z,4858.25,long
nvidia,2023-04-25T11:59:00.000Z,4762.38,long
nvidia,2023-04-26T11:59:00.000Z,4875,long
nvidia,2023-04-27T11:59:00.000Z,4899.36,long
nvidia,2023-04-28T11:59:00.000Z,4987.22,long
nvidia,2023-04-29T11:59:00.000Z,5005.22,long
nvidia,2023-04-30T11:59:00.000Z,5023.23,long
nvidia,2023-05-01T11:59:00.000Z,5041.23,long
nvidia,2023-05-02T11:59:00.000Z,5059.23,long
nvidia,2023-05-03T11:59:00.000Z,5007.47,long
nvidia,2023-05-04T11:59:00.000Z,4942.46,long
nvidia,2023-05-05T11:59:00.000Z,5100.88,long
nvidia,2023-05-06T11:59:00.000Z,5126.15,long
nvidia,2023-05-07T11:59:00.000Z,5151.42,long
nvidia,2023-05-08T11:59:00.000Z,5176.69,long
nvidia,2023-05-09T11:59:00.000Z,5080,long
nvidia,2023-05-10T11:59:00.000Z,5002.83,long
nvidia,2023-05-11T11:59:00.000Z,5021.39,long
nvidia,2023-05-12T11:59:00.000Z,4978.11,long
nvidia,2023-05-13T11:59:00.000Z,5000.45,long
nvidia,2023-05-14T11:59:00.000Z,5022.79,long
nvidia,2023-05-15T11:59:00.000Z,5045.13,long
nvidia,2023-05-16T11:59:00.000Z,5117.18,long
nvidia,2023-05-17T11:59:00.000Z,5295.27,long
nvidia,2023-05-18T11:59:00.000Z,5605.01,long
nvidia,2023-05-19T11:59:00.000Z,5556.34,long
nvidia,2023-05-20T11:59:00.000Z,5566.96,long
nvidia,2023-05-21T11:59:00.000Z,5577.59,long
nvidia,2023-05-22T11:59:00.000Z,5588.21,long
nvidia,2023-05-23T11:59:00.000Z,5531.78,long
nvidia,2023-05-24T11:59:00.000Z,5414.47,long
nvidia,2023-05-25T11:59:00.000Z,6783.58,long
nvidia,2023-05-26T11:59:00.000Z,6868.69,long
nvidia,2023-05-27T11:59:00.000Z,6882.63,long
nvidia,2023-05-28T11:59:00.000Z,6896.56,long
nvidia,2023-05-29T11:59:00.000Z,6910.5,long
nvidia,2023-05-30T11:59:00.000Z,7062.7,short
nvidia,2023-05-31T11:59:00.000Z,6768.54,short
nvidia,2023-06-01T11:59:00.000Z,6970.81,short
nvidia,2023-06-02T11:59:00.000Z,6905.89,short
nvidia,2023-06-03T11:59:00.000Z,6879.45,short
nvidia,2023-06-04T11:59:00.000Z,6853.02,short
nvidia,2023-06-05T11:59:00.000Z,6826.58,short
nvidia,2023-06-06T11:59:00.000Z,6708.57,short
nvidia,2023-06-07T11:59:00.000Z,6522.33,short
nvidia,2023-06-08T11:59:00.000Z,6749.98,long
nvidia,2023-06-09T11:59:00.000Z,6675,long
nvidia,2023-06-10T11:59:00.000Z,6712.34,long
nvidia,2023-06-11T11:59:00.000Z,6749.68,long
nvidia,2023-06-12T11:59:00.000Z,6787.02,long
nvidia,2023-06-13T11:59:00.000Z,7032.65,long
nvidia,2023-06-14T11:59:00.000Z,7302.85,long
nvidia,2023-06-15T11:59:00.000Z,7322.62,long
nvidia,2023-06-16T11:59:00.000Z,7318.87,long
nvidia,2023-06-17T11:59:00.000Z,7292.58,long
nvidia,2023-06-18T11:59:00.000Z,7266.29,long
nvidia,2023-06-19T11:59:00.000Z,7240,long
nvidia,2023-06-20T11:59:00.000Z,7554.68,short
nvidia,2023-06-21T11:59:00.000Z,7376.2,short
nvidia,2023-06-22T11:59:00.000Z,7352.4,short
nvidia,2023-06-23T11:59:00.000Z,7262.99,short
nvidia,2023-06-24T11:59:00.000Z,7175.33,short
nvidia,2023-06-25T11:59:00.000Z,7087.66,short
nvidia,2023-06-26T11:59:00.000Z,7000,short
nvidia,2023-06-27T11:59:00.000Z,7150.28,short
nvidia,2023-06-28T11:59:00.000Z,7032.78,short
nvidia,2023-06-29T11:59:00.000Z,6984.74,short
nvidia,2023-06-30T11:59:00.000Z,7241.95,long
nvidia,2023-07-01T11:59:00.000Z,7227.97,long
nvidia,2023-07-02T11:59:00.000Z,7213.98,long
nvidia,2023-07-03T11:59:00.000Z,7200,long
nvidia,2023-07-04T11:59:00.000Z,7200,long
nvidia,2023-07-05T11:59:00.000Z,7233.29,long
nvidia,2023-07-06T11:59:00.000Z,7244.38,long
nvidia,2023-07-07T11:59:00.000Z,7305.02,long
nvidia,2023-07-08T11:59:00.000Z,7255.35,long
nvidia,2023-07-09T11:59:00.000Z,7205.69,long
nvidia,2023-07-10T11:59:00.000Z,7156.02,long
nvidia,2023-07-11T11:59:00.000Z,7210,long
nvidia,2023-07-12T11:59:00.000Z,7377.93,long
nvidia,2023-07-13T11:59:00.000Z,7748.42,long
nvidia,2023-07-14T11:59:00.000Z,7571.49,long
nvidia,2023-07-15T11:59:00.000Z,7635.99,long
nvidia,2023-07-16T11:59:00.000Z,7700.5,long
nvidia,2023-07-17T11:59:00.000Z,7765,long
nvidia,2023-07-18T11:59:00.000Z,7974.32,long
nvidia,2023-07-19T11:59:00.000Z,7866.25,long
nvidia,2023-07-20T11:59:00.000Z,7713.13,long
nvidia,2023-07-21T11:59:00.000Z,7597.68,long
nvidia,2023-07-22T11:59:00.000Z,7563.73,long
nvidia,2023-07-23T11:59:00.000Z,7529.78,long
nvidia,2023-07-24T11:59:00.000Z,7495.83,long
nvidia,2023-07-25T11:59:00.000Z,7757.99,long
nvidia,2023-07-26T11:59:00.000Z,7685.17,long
nvidia,2023-07-27T11:59:00.000Z,7774.75,long
nvidia,2023-07-28T11:59:00.000Z,7760.01,long
nvidia,2023-07-29T11:59:00.000Z,7776.93,long
nvidia,2023-07-30T11:59:00.000Z,7793.86,long
nvidia,2023-07-31T11:59:00.000Z,7810.78,long
nvidia,2023-08-01T11:59:00.000Z,7864.79,short
nvidia,2023-08-02T11:59:00.000Z,7553.14,short
nvidia,2023-08-03T11:59:00.000Z,7689.31,short
nvidia,2023-08-04T11:59:00.000Z,7634.33,short
nvidia,2023-08-05T11:59:00.000Z,7671.88,short
nvidia,2023-08-06T11:59:00.000Z,7709.43,short
nvidia,2023-08-07T11:59:00.000Z,7746.98,short
nvidia,2023-08-08T11:59:00.000Z,7626.29,short
nvidia,2023-08-09T11:59:00.000Z,7288.75,short
nvidia,2023-08-10T11:59:00.000Z,7220.7,short
nvidia,2023-08-11T11:59:00.000Z,6955.1,short
nvidia,2023-08-12T11:59:00.000Z,7119.49,long
nvidia,2023-08-13T11:59:00.000Z,7283.87,long
nvidia,2023-08-14T11:59:00.000Z,7448.26,long
nvidia,2023-08-15T11:59:00.000Z,7554.26,long
nvidia,2023-08-16T11:59:00.000Z,7490.88,long
nvidia,2023-08-17T11:59:00.000Z,7403.21,long
nvidia,2023-08-18T11:59:00.000Z,7399.99,long
nvidia,2023-08-19T11:59:00.000Z,7595.55,long
nvidia,2023-08-20T11:59:00.000Z,7791.11,long
nvidia,2023-08-21T11:59:00.000Z,7986.67,long
nvidia,2023-08-22T11:59:00.000Z,7727.62,long
nvidia,2023-08-23T11:59:00.000Z,7907.73,long
nvidia,2023-08-24T11:59:00.000Z,7960.13,long
nvidia,2023-08-25T11:59:00.000Z,7711.95,long
nvidia,2023-08-26T11:59:00.000Z,7758.37,long
nvidia,2023-08-27T11:59:00.000Z,7804.79,long
nvidia,2023-08-28T11:59:00.000Z,7851.21,long
nvidia,2023-08-29T11:59:00.000Z,8160.52,long
nvidia,2023-08-30T11:59:00.000Z,8237.87,long
nvidia,2023-08-31T11:59:00.000Z,8429.78,long
nvidia,2023-09-01T11:59:00.000Z,8288.93,long
nvidia,2023-09-02T11:59:00.000Z,8311.95,long
nvidia,2023-09-03T11:59:00.000Z,8334.98,long
nvidia,2023-09-04T11:59:00.000Z,8358,long
nvidia,2023-09-05T11:59:00.000Z,8497.25,long
nvidia,2023-09-06T11:59:00.000Z,8240.35,short
nvidia,2023-09-07T11:59:00.000Z,8122.27,short
nvidia,2023-09-08T11:59:00.000Z,8001.71,short
nvidia,2023-09-09T11:59:00.000Z,7941.49,short
nvidia,2023-09-10T11:59:00.000Z,7881.26,short
nvidia,2023-09-11T11:59:00.000Z,7821.04,short
nvidia,2023-09-12T11:59:00.000Z,7744.23,short
nvidia,2023-09-13T11:59:00.000Z,7847,short
