,Open,High,Low,Close,Adj Close,Volume
2021-01-04,2576.25,2706.25,2568.75,2619.112548828125,2618.825927734375,6868.0
2021-01-05,2677.0,2677.0,2637.50244140625,2661.75244140625,2661.461181640625,892.0
2021-01-06,2666.25,2666.25,2477.75,2485.632568359375,2485.36083984375,6124.0
2021-01-07,2500.00244140625,2677.5,2500.00244140625,2676.982421875,2676.690185546875,8140.0
2021-01-08,2638.0,2663.0,2624.5,2645.37255859375,2645.083251953125,7868.0
2021-01-09,2662.833333333333,2709.41748046875,2653.833333333333,2677.01171875,2676.719075520833,10685.333333333332
2021-01-10,2687.6666666666665,2755.8349609375,2683.1666666666665,2708.65087890625,2708.3548990885415,13502.666666666666
2021-01-11,2712.5,2802.25244140625,2712.5,2740.2900390625,2739.99072265625,16320.0
2021-01-12,2705.0,2724.75,2666.25,2666.25,2665.958740234375,2320.0
2021-01-13,2666.25,2692.800048828125,2665.00244140625,2689.4951171875,2689.200927734375,6260.0
2021-01-14,2663.75,2663.75,2598.75,2598.75,2598.466064453125,4288.0
2021-01-15,2608.75,2616.7451171875,2547.5,2547.5,2547.221435546875,8348.0
2021-01-16,2597.5,2640.330078125,2540.0,2540.0,2539.7223307291665,5638.666666666666
2021-01-17,2586.25,2663.9150390625,2532.5,2532.5,2532.223225911458,2929.333333333333
2021-01-18,2575.0,2687.5,2525.0,2525.0,2524.72412109375,220.0
2021-01-19,2570.75,2570.75,2530.0,2562.802490234375,2562.52197265625,9816.0
2021-01-20,2609.25,2625.49755859375,2592.655029296875,2625.0,2624.712890625,31016.0
2021-01-21,2650.0,2750.0,2650.0,2738.842529296875,2738.543212890625,7360.0
2021-01-22,2712.5,2755.0,2712.5,2740.0,2739.70068359375,10356.0
2021-01-23,2730.2916666666665,2761.6708170572915,2698.9508463541665,2739.489990234375,2739.190673828125,9630.666666666666
2021-01-24,2748.083333333333,2768.341634114583,2685.401692708333,2738.97998046875,2738.6806640625,8905.333333333332
2021-01-25,2765.875,2775.012451171875,2671.8525390625,2738.469970703125,2738.170654296875,8180.0
2021-01-26,2724.777587890625,2724.777587890625,2680.0,2682.612548828125,2682.319091796875,3372.0
2021-01-27,2652.0,2652.0,2600.0,2610.29248046875,2610.00732421875,9772.0
2021-01-28,2658.625,2678.58740234375,2637.5,2638.800048828125,2638.51123046875,1716.0
2021-01-29,2625.0,2677.5,2603.6923828125,2674.367431640625,2674.0751953125,5384.0
2021-01-30,2650.703125,2690.818115234375,2626.519287109375,2688.2962036132812,2688.0023193359375,6015.0
2021-01-31,2676.40625,2704.13623046875,2649.34619140625,2702.2249755859375,2701.929443359375,6646.0
2021-02-01,2702.109375,2717.454345703125,2672.173095703125,2716.1537475585938,2715.8565673828125,7277.0
2021-02-02,2727.8125,2730.7724609375,2695.0,2730.08251953125,2729.78369140625,7908.0
2021-02-03,2764.99755859375,2800.0,2737.5,2737.5,2737.20068359375,5932.0
2021-02-04,2753.702392578125,2792.137451171875,2705.00244140625,2774.550048828125,2774.246337890625,4716.0
2021-02-05,2750.0,2750.0,2725.027587890625,2734.324951171875,2734.026123046875,2212.0
2021-02-06,2748.333333333333,2803.2900390625,2731.68505859375,2791.404134114583,2791.099202473958,10565.333333333332
2021-02-07,2746.6666666666665,2856.580078125,2738.342529296875,2848.4833170572915,2848.1722819010415,18918.666666666664
2021-02-08,2745.0,2909.8701171875,2745.0,2905.5625,2905.245361328125,27272.0
2021-02-09,2875.0,2925.0,2850.00244140625,2867.405029296875,2867.091552734375,10472.0
2021-02-10,2875.012451171875,2981.74755859375,2875.012451171875,2951.89990234375,2951.5771484375,24496.0
2021-02-11,2981.625,3043.87255859375,2981.625,3038.695068359375,3038.363037109375,159360.0
2021-02-12,3010.5,3050.0,2950.00244140625,2986.72509765625,2986.398681640625,59728.0
2021-02-13,3015.4166666666665,3041.75,2975.0016276041665,2999.4833984375,2999.155517578125,39884.0
2021-02-14,3020.333333333333,3033.5,3000.000813802083,3012.24169921875,3011.912353515625,20040.0
2021-02-15,3025.25,3025.25,3025.0,3025.0,3024.669189453125,196.0
2021-02-16,3050.0,3099.99755859375,3037.5,3074.445068359375,3074.109375,83464.0
2021-02-17,3054.75,3054.75,2996.74755859375,3021.577392578125,3021.2470703125,6628.0
2021-02-18,3029.9150390625,3029.9150390625,2975.00244140625,3017.5625,3017.23291015625,6000.0
2021-02-19,3067.5,3082.5,3025.00244140625,3052.112548828125,3051.778564453125,12732.0
2021-02-20,3077.49169921875,3096.9166666666665,3008.3349609375,3030.597493489583,3030.2660319010415,14358.666666666666
2021-02-21,3087.4833984375,3111.333333333333,2991.66748046875,3009.0824381510415,3008.753499348958,15985.333333333332
2021-02-22,3097.47509765625,3125.75,2975.0,2987.5673828125,2987.240966796875,17612.0
2021-02-23,2950.0,2950.0,2775.0,2904.072509765625,2903.75537109375,25756.0
2021-02-24,2905.0,2953.0,2825.0,2948.4951171875,2948.172607421875,7504.0
2021-02-25,2963.235107421875,2963.235107421875,2765.00244140625,2794.4326171875,2794.127197265625,60672.0
2021-02-26,2847.5,2895.0,2806.25,2881.945068359375,2881.630126953125,23628.0
2021-02-27,2855.0,2886.6666666666665,2805.833333333333,2871.568359375,2871.254475911458,36604.0
2021-02-28,2862.5,2878.333333333333,2805.4166666666665,2861.191650390625,2860.8788248697915,49580.0
2021-03-01,2870.0,2870.0,2805.0,2850.81494140625,2850.503173828125,62556.0
2021-03-02,2850.8125,2853.75,2772.5,2776.532470703125,2776.228759765625,7944.0
2021-03-03,2785.0,2789.8974609375,2675.0048828125,2684.8974609375,2684.603515625,11172.0
2021-03-04,2675.0,2684.74755859375,2562.5,2609.8173828125,2609.5322265625,21608.0
2021-03-05,2625.0,2660.0,2500.0,2650.1298828125,2649.84033203125,40224.0
2021-03-06,2635.0,2658.333333333333,2498.333333333333,2600.80078125,2600.516438802083,43061.33333333333
2021-03-07,2645.0,2656.6666666666665,2496.6666666666665,2551.4716796875,2551.1925455729165,45898.666666666664
2021-03-08,2655.0,2655.0,2495.0,2502.142578125,2501.86865234375,48736.0
2021-03-09,2578.0,2669.75,2572.5,2651.010009765625,2650.7626953125,11216.0
2021-03-10,2667.75,2720.0,2612.50244140625,2625.0,2624.7548828125,15880.0
2021-03-11,2675.0,2693.0,2672.887451171875,2681.5048828125,2681.254638671875,23772.0
2021-03-12,2650.0,2674.99755859375,2632.5,2674.99755859375,2674.748046875,3244.0
2021-03-13,2675.0,2702.49755859375,2652.5,2691.8731689453125,2691.6220703125,5502.0
2021-03-14,2700.0,2729.99755859375,2672.5,2708.748779296875,2708.49609375,7760.0
2021-03-15,2725.0,2757.49755859375,2692.5,2725.6243896484375,2725.3701171875,10018.0
2021-03-16,2750.0,2784.99755859375,2712.5,2742.5,2742.244140625,12276.0
2021-03-17,2700.0,2737.5,2697.5,2722.672607421875,2722.41845703125,5360.0
2021-03-18,2700.0,2703.64501953125,2613.75,2613.820068359375,2613.576416015625,11956.0
2021-03-19,2587.5,2637.50244140625,2587.5,2622.590087890625,2622.34521484375,2416.0
2021-03-20,2633.333333333333,2675.0016276041665,2632.175862630208,2656.72509765625,2656.47705078125,3662.6666666666665
2021-03-21,2679.1666666666665,2712.500813802083,2676.8517252604165,2690.860107421875,2690.60888671875,4909.333333333333
2021-03-22,2725.0,2750.0,2721.527587890625,2724.9951171875,2724.74072265625,6156.0
2021-03-23,2724.99755859375,2758.75,2714.0,2714.9375,2714.68408203125,6740.0
2021-03-24,2700.75,2700.75,2660.0,2665.534912109375,2665.2861328125,6816.0
2021-03-25,2632.125,2634.607421875,2546.0,2599.9775390625,2599.73486328125,5224.0
2021-03-26,2575.842529296875,2617.5,2553.75,2617.5,2617.255859375,2900.0
2021-03-27,2608.89501953125,2639.5,2577.500813802083,2635.833333333333,2635.587483723958,3182.6666666666665
2021-03-28,2641.947509765625,2661.5,2601.2516276041665,2654.1666666666665,2653.9191080729165,3465.333333333333
2021-03-29,2675.0,2683.5,2625.00244140625,2672.5,2672.250732421875,3748.0
2021-03-30,2622.5,2672.5,2622.5,2650.72998046875,2650.482666015625,26100.0
2021-03-31,2679.74755859375,2752.5,2679.74755859375,2734.9326171875,2734.677490234375,3444.0
2021-04-01,2698.7980468749997,2772.0,2698.7980468749997,2755.564599609375,2755.30751953125,3697.6
2021-04-02,2717.84853515625,2791.5,2717.84853515625,2776.19658203125,2775.937548828125,3951.2
2021-04-03,2736.8990234374996,2811.0,2736.8990234374996,2796.828564453125,2796.567578125,4204.799999999999
2021-04-04,2755.94951171875,2830.5,2755.94951171875,2817.4605468749996,2817.1976074218746,4458.4
2021-04-05,2775.0,2850.0,2775.0,2838.092529296875,2837.82763671875,4712.0
2021-04-06,2838.092529296875,2838.092529296875,2801.25,2811.969970703125,2811.70751953125,5332.0
2021-04-07,2807.5,2880.0,2807.5,2855.0,2854.733642578125,12440.0
2021-04-08,2895.0,2905.0,2867.39990234375,2872.46240234375,2872.194580078125,5528.0
2021-04-09,2899.5,2900.0,2850.25244140625,2900.0,2899.729248046875,3296.0
2021-04-10,2890.33251953125,2963.1666666666665,2849.668294270833,2953.3199869791665,2953.0441080729165,53416.0
2021-04-11,2881.1650390625,3026.333333333333,2849.0841471354165,3006.639973958333,3006.358968098958,103536.0
2021-04-12,2871.99755859375,3089.5,2848.5,3059.9599609375,3059.673828125,153656.0
2021-04-13,3075.0,3151.75,3059.965087890625,3151.66748046875,3151.373046875,79940.0
2021-04-14,3130.00244140625,3151.5,3055.757568359375,3073.077392578125,3072.790771484375,140528.0
2021-04-15,3150.0,3227.5,3146.25,3224.9951171875,3224.69384765625,136908.0
2021-04-16,3225.0,3225.0,3164.25,3165.53759765625,3165.2421875,84128.0
2021-04-17,3191.665852864583,3191.6666666666665,3117.833333333333,3123.896728515625,3123.6052246093745,66493.33333333333
2021-04-18,3158.3317057291665,3158.333333333333,3071.4166666666665,3082.255859375,3081.96826171875,48858.666666666664
2021-04-19,3124.99755859375,3125.0,3025.0,3040.614990234375,3040.331298828125,31224.0
2021-04-20,3040.5,3074.75,2975.0,3017.824951171875,3017.54345703125,69100.0
2021-04-21,3037.5,3051.25,3015.0,3042.49755859375,3042.2138671875,4464.0
2021-04-22,3034.0,3042.0,2950.0,2953.4423828125,2953.16650390625,10716.0
2021-04-23,2953.50244140625,3026.25,2953.50244140625,3020.800048828125,3020.518310546875,9360.0
2021-04-24,2977.734944661458,3041.0,2977.734944661458,3036.228352864583,3035.945068359375,8486.666666666666
2021-04-25,3001.9674479166665,3055.75,3001.9674479166665,3051.6566569010415,3051.371826171875,7613.333333333333
2021-04-26,3026.199951171875,3070.5,3026.199951171875,3067.0849609375,3066.798583984375,6740.0
2021-04-27,3080.25,3125.0,3071.5224609375,3087.85009765625,3087.56201171875,7196.0
2021-04-28,3075.0,3075.0,3042.5,3054.0,3053.71484375,3160.0
2021-04-29,3078.56005859375,3080.0,3025.010009765625,3063.467529296875,3063.181396484375,2596.0
2021-04-30,3047.5,3067.5,3042.5,3042.7548828125,3042.47119140625,2500.0
2021-05-01,3058.6666666666665,3072.0,3024.16748046875,3024.33740234375,3024.0553385416665,3329.333333333333
2021-05-02,3069.833333333333,3076.5,3005.8349609375,3005.919921875,3005.639485677083,4158.666666666666
2021-05-03,3081.0,3081.0,2987.50244140625,2987.50244140625,2987.2236328125,4988.0
2021-05-04,3037.66748046875,3037.66748046875,2825.007568359375,2885.39501953125,2885.125732421875,18988.0
2021-05-05,2968.75,2987.49755859375,2927.5,2944.52490234375,2944.249755859375,10980.0
2021-05-06,2926.25,2926.25,2879.75,2913.08740234375,2912.815185546875,2848.0
2021-05-07,2950.0,2970.25,2931.507568359375,2950.112548828125,2949.837158203125,1452.0
2021-05-08,2925.000813802083,2942.25,2903.421712239583,2919.565022786458,2919.29248046875,14845.333333333332
2021-05-09,2900.0016276041665,2914.25,2875.3358561197915,2889.0174967447915,2888.747802734375,28238.666666666664
2021-05-10,2875.00244140625,2886.25,2847.25,2858.469970703125,2858.203125,41632.0
2021-05-11,2788.0,2901.8974609375,2737.50244140625,2843.419921875,2843.154541015625,9484.0
2021-05-12,2847.5,2847.5,2750.027587890625,2752.139892578125,2751.8828125,6728.0
2021-05-13,2763.75,2763.75,2700.0,2735.527587890625,2735.272216796875,4396.0
2021-05-14,2730.58251953125,2842.510009765625,2730.58251953125,2842.510009765625,2842.24462890625,16044.0
2021-05-15,2751.7216796875,2828.3400065104165,2734.9716796875,2824.734212239583,2824.470540364583,14104.0
2021-05-16,2772.86083984375,2814.170003255208,2739.36083984375,2806.9584147135415,2806.6964518229165,12164.0
2021-05-17,2794.0,2800.0,2743.75,2789.1826171875,2788.92236328125,10224.0
2021-05-18,2819.1923828125,2856.24755859375,2788.75,2788.75,2788.48974609375,8020.0
2021-05-19,2729.197509765625,2792.49755859375,2697.5,2792.49755859375,2792.2373046875,2612.0
2021-05-20,2876.25,2916.25,2875.0,2907.5,2907.229248046875,4680.0
2021-05-21,2987.5,3024.405029296875,2973.75,2993.18505859375,2992.90625,8760.0
2021-05-22,3000.0,3059.1866861979165,2990.833333333333,3028.7900390625,3028.507568359375,14453.333333333332
2021-05-23,3012.5,3093.968343098958,3007.9166666666665,3064.39501953125,3064.1088867187495,20146.666666666664
2021-05-24,3025.0,3128.75,3025.0,3100.0,3099.710205078125,25840.0
2021-05-25,3128.75,3128.75,3080.0,3105.4326171875,3105.142822265625,9940.0
2021-05-26,3113.0,3125.827392578125,3102.5,3122.367431640625,3122.076171875,15836.0
2021-05-27,3096.7724609375,3133.25244140625,3084.5,3109.08251953125,3108.79248046875,5300.0
2021-05-28,3074.205078125,3240.14501953125,3074.205078125,3238.985107421875,3238.68310546875,27732.0
2021-05-29,3129.220052083333,3243.430013020833,3129.1325683593745,3238.985921223958,3238.683919270833,18545.333333333332
2021-05-30,3184.2350260416665,3246.7150065104165,3184.0600585937495,3238.986735026041,3238.6847330729165,9358.666666666666
2021-05-31,3239.25,3250.0,3238.987548828125,3238.987548828125,3238.685546875,172.0
2021-06-01,3215.0,3267.49755859375,3167.75,3255.5224609375,3255.21875,13836.0
2021-06-02,3255.0,3362.4951171875,3255.0,3343.219970703125,3342.907958984375,29060.0
2021-06-03,3350.00244140625,3470.6201171875,3350.00244140625,3413.78759765625,3413.468505859375,5816.0
2021-06-04,3446.550048828125,3524.99755859375,3446.550048828125,3511.5224609375,3511.19482421875,4892.0
2021-06-05,3458.533365885416,3520.830891927083,3435.6166992187495,3511.847493489583,3511.519856770833,5117.333333333333
2021-06-06,3470.516682942708,3516.6642252604165,3424.6833496093745,3512.1725260416665,3511.844889322916,5342.666666666666
2021-06-07,3482.5,3512.49755859375,3413.75,3512.49755859375,3512.169921875,5568.0
2021-06-08,3505.669921875,3505.669921875,3416.75,3442.5,3442.178466796875,6316.0
2021-06-09,3417.5,3450.0,3407.5,3425.0048828125,3424.72509765625,4228.0
2021-06-10,3425.0,3445.74755859375,3422.83251953125,3426.762451171875,3426.482421875,1204.0
2021-06-11,3497.0,3576.407470703125,3497.0,3546.392578125,3546.102783203125,87720.0
2021-06-12,3507.2499999999995,3582.601643880208,3507.2499999999995,3561.435872395833,3561.1446940104165,60577.333333333336
2021-06-13,3517.4999999999995,3588.795817057291,3517.4999999999995,3576.4791666666665,3576.186604817708,33434.666666666664
2021-06-14,3527.75,3594.989990234375,3527.75,3591.5224609375,3591.228515625,6292.0
2021-06-15,3594.989990234375,3607.75,3542.677490234375,3543.215087890625,3542.92529296875,3196.0
2021-06-16,3582.0,3648.74755859375,3556.5048828125,3630.320068359375,3630.0234375,18380.0
2021-06-17,3673.75,3851.514892578125,3673.75,3817.875,3817.563232421875,5056.0
2021-06-18,3930.24755859375,3998.75,3850.0,3856.4375,3856.12255859375,132104.0
2021-06-19,3889.123372395833,3934.791666666666,3787.918294270833,3819.865804036458,3819.553792317708,122484.0
2021-06-20,3847.9991861979165,3870.833333333333,3725.836588541666,3783.2941080729165,3782.9850260416665,112864.0
2021-06-21,3806.875,3806.875,3663.7548828125,3746.722412109375,3746.416259765625,103244.0
2021-06-22,3805.0,3899.99755859375,3805.0,3840.672607421875,3840.358642578125,1912.0
2021-06-23,3899.9951171875,3899.9951171875,3836.00244140625,3855.75,3855.43505859375,1068.0
2021-06-24,3874.99755859375,3879.9951171875,3782.2451171875,3814.297607421875,3813.98583984375,10528.0
2021-06-25,3750.0,3799.972412109375,3750.0,3766.202392578125,3765.894775390625,2812.0
2021-06-26,3779.367513020833,3860.81494140625,3779.367513020833,3834.102457682291,3833.7893066406245,6702.666666666666
2021-06-27,3808.7350260416665,3921.657470703125,3808.7350260416665,3902.002522786458,3901.6838378906245,10593.333333333334
2021-06-28,3838.1025390625,3982.5,3838.1025390625,3969.902587890625,3969.578369140625,14484.0
2021-06-29,3952.49755859375,3999.99755859375,3896.027587890625,3980.71240234375,3980.386962890625,3692.0
2021-06-30,3987.5,4002.5,3950.00244140625,4002.5,4002.1728515625,2164.0
2021-07-01,4015.0,4079.6474609375,4004.37744140625,4047.659912109375,4047.329345703125,5324.0
2021-07-02,4047.5,4067.722412109375,4021.22998046875,4045.14501953125,4044.814453125,4524.0
2021-07-03,4060.833333333333,4087.3566080729165,4043.3199869791665,4072.305013020833,4071.9723307291665,3112.0
2021-07-04,4074.1666666666665,4106.990804036458,4065.409993489583,4099.465006510416,4099.130208333333,1700.0
2021-07-05,4087.5,4126.625,4087.5,4126.625,4126.2880859375,288.0
2021-07-06,4110.0,4166.3974609375,4079.625,4145.0,4144.66064453125,17904.0
2021-07-07,4132.5,4145.42236328125,4070.0,4082.044921875,4081.71142578125,5708.0
2021-07-08,3975.5,4047.74755859375,3953.5,3957.0224609375,3956.698974609375,5868.0
2021-07-09,3960.0,3999.99755859375,3944.304931640625,3983.10498046875,3982.779541015625,15620.0
2021-07-10,3994.1666666666665,4036.214192708333,3967.2374674479165,4004.5699869791665,4004.242838541666,10939.999999999998
2021-07-11,4028.333333333333,4072.4308268229165,3990.170003255208,4026.034993489583,4025.706136067708,6259.999999999999
2021-07-12,4062.5,4108.6474609375,4013.1025390625,4047.5,4047.16943359375,1580.0
2021-07-13,4075.0,4093.24755859375,4050.0,4059.217529296875,4058.8857421875,1820.0
2021-07-14,4018.75,4018.75,3927.405029296875,3932.6923828125,3932.37109375,2696.0
2021-07-15,3875.2548828125,3900.302490234375,3754.452392578125,3786.10009765625,3785.791015625,6708.0
2021-07-16,3728.264892578125,3728.264892578125,3605.00244140625,3610.2451171875,3609.94970703125,7244.0
2021-07-17,3688.9249674479165,3752.176595052083,3606.75,3657.030110677083,3656.7309570312495,15160.0
2021-07-18,3649.585042317708,3776.088297526041,3608.49755859375,3703.8151041666665,3703.5122070312495,23076.0
2021-07-19,3610.2451171875,3800.0,3610.2451171875,3750.60009765625,3750.29345703125,30992.0
2021-07-20,3770.0,3782.64990234375,3675.0,3770.449951171875,3770.14208984375,16918.0
2021-07-21,3800.0,3942.679931640625,3800.0,3898.2099609375,3897.891845703125,18394.0
2021-07-22,3933.5,4019.8798828125,3892.0,3930.89990234375,3930.57861328125,3549.0
2021-07-23,3900.0,3935.030029296875,3860.0,3912.0400390625,3911.72021484375,5078.0
2021-07-24,3903.333333333333,3926.686686197916,3839.9999999999995,3893.3566894531245,3893.0384928385415,5141.666666666666
2021-07-25,3906.6666666666665,3918.343343098958,3819.9999999999995,3874.6733398437495,3874.356770833333,5205.333333333333
2021-07-26,3910.0,3910.0,3800.0,3855.989990234375,3855.675048828125,5269.0
2021-07-27,3907.39990234375,3907.39990234375,3750.050048828125,3822.469970703125,3822.15771484375,6406.0
2021-07-28,3800.0,3920.0,3800.0,3888.580078125,3888.26220703125,18956.0
2021-07-29,3880.0,3940.22998046875,3880.0,3904.02001953125,3903.701171875,7206.0
2021-07-30,3880.0,3886.989990234375,3839.330078125,3882.280029296875,3881.962646484375,4895.0
2021-07-31,3883.010009765625,3913.369954427083,3855.376708984375,3895.899983723958,3895.5814615885415,3834.666666666666
2021-08-01,3886.02001953125,3939.7499186197915,3871.42333984375,3909.519938151041,3909.200276692708,2774.333333333333
2021-08-02,3889.030029296875,3966.1298828125,3887.469970703125,3923.139892578125,3922.819091796875,1714.0
2021-08-03,4000.0,4011.0,3839.68994140625,3930.0,3929.6787109375,2675.0
2021-08-04,3963.0,4060.0,3960.010009765625,4052.5,4052.1689453125,20060.0
2021-08-05,4090.0,4124.990234375,4053.989990234375,4100.0,4099.6640625,8661.0
2021-08-06,4116.0,4116.0,4055.10009765625,4095.0,4094.665283203125,10004.0
2021-08-07,4108.773356119791,4115.996744791666,4057.740071614583,4090.296630859375,4089.96240234375,11541.0
2021-08-08,4101.546712239583,4115.993489583333,4060.380045572916,4085.59326171875,4085.259521484375,13077.999999999998
2021-08-09,4094.320068359375,4115.990234375,4063.02001953125,4080.889892578125,4080.556640625,14615.0
2021-08-10,4099.990234375,4114.990234375,3998.0,4007.77001953125,4007.4423828125,3473.0
2021-08-11,4019.989990234375,4019.989990234375,3875.0,3928.969970703125,3928.648681640625,3123.0
2021-08-12,3920.0,3998.989990234375,3920.0,3963.840087890625,3963.516357421875,2329.0
2021-08-13,3962.0,4014.9599609375,3950.010009765625,4004.0400390625,4003.712890625,4550.0
2021-08-14,3983.319986979166,4024.8366699218745,3926.6766764322915,3988.700032552083,3988.374104817708,4697.666666666666
2021-08-15,4004.639973958333,4034.7133789062495,3903.343343098958,3973.360026041666,3973.0353190104165,4845.333333333333
2021-08-16,4025.9599609375,4044.590087890625,3880.010009765625,3958.02001953125,3957.696533203125,4993.0
2021-08-17,3915.0,3942.830078125,3865.0,3891.2099609375,3890.891845703125,2643.0
2021-08-18,3892.030029296875,3914.0,3811.0,3819.320068359375,3819.0078125,44142.0
2021-08-19,3843.02001953125,4120.0,3800.0,3975.239990234375,3974.9150390625,8770.0
2021-08-20,3989.0,4254.990234375,3989.0,4232.06005859375,4231.71337890625,56794.0
2021-08-21,4092.666666666666,4325.993489583333,4082.043294270833,4309.82666015625,4309.473795572916,41545.33333333333
2021-08-22,4196.333333333333,4396.996744791666,4175.086588541666,4387.59326171875,4387.234212239583,26296.666666666664
2021-08-23,4300.0,4468.0,4268.1298828125,4465.35986328125,4464.99462890625,11048.0
2021-08-24,4461.08984375,4463.97998046875,4360.009765625,4414.990234375,4414.62939453125,9118.0
2021-08-25,4470.0,4569.990234375,4470.0,4503.0498046875,4502.681640625,3730.0
2021-08-26,4505.0,4539.990234375,4450.0,4498.68994140625,4498.322265625,5672.0
2021-08-27,4568.0,4621.10986328125,4544.0,4578.830078125,4578.4560546875,11449.0
2021-08-28,4591.996744791666,4627.406575520833,4542.669921875,4575.113444010416,4574.739583333333,9790.333333333332
2021-08-29,4615.993489583333,4633.703287760416,4541.33984375,4571.396809895833,4571.023111979166,8131.666666666666
2021-08-30,4639.990234375,4640.0,4540.009765625,4567.68017578125,4567.306640625,6473.0
2021-08-31,4540.0,4540.0,4432.10009765625,4507.89990234375,4507.57080078125,3631.0
2021-09-01,4500.0,4530.0,4470.009765625,4491.830078125,4491.50244140625,4263.0
2021-09-02,4495.0,4525.47998046875,4455.0,4467.43994140625,4467.11376953125,4875.0
2021-09-03,4403.4501953125,4579.97998046875,4403.4501953125,4554.9501953125,4554.61767578125,6435.0
2021-09-04,4454.300130208333,4586.319986979166,4454.300130208333,4564.803385416666,4564.470377604166,4341.0
2021-09-05,4505.150065104166,4592.659993489583,4505.150065104166,4574.656575520833,4574.323079427083,2247.0
2021-09-06,4556.0,4599.0,4556.0,4584.509765625,4584.17578125,153.0
2021-09-07,4584.509765625,4584.509765625,4498.0,4521.0,4520.67041015625,3647.0
2021-09-08,4480.0,4480.0,4380.009765625,4446.080078125,4445.755859375,3620.0
2021-09-09,4450.0,4482.06005859375,4414.0,4424.10009765625,4423.77734375,13024.0
2021-09-10,4450.0,4489.990234375,4430.02001953125,4464.9599609375,4464.6337890625,2138.0
2021-09-11,4463.330078125,4520.790201822916,4400.0166015625,4441.17333984375,4440.84912109375,3120.6666666666665
2021-09-12,4476.66015625,4551.590169270833,4370.01318359375,4417.38671875,4417.064453125,4103.333333333333
2021-09-13,4489.990234375,4582.39013671875,4340.009765625,4393.60009765625,4393.27978515625,5086.0
2021-09-14,4420.0,4459.990234375,4408.0,4439.990234375,4439.666015625,1573.0
2021-09-15,4412.0,4443.9599609375,4375.0,4433.66015625,4433.3359375,2684.0
2021-09-16,4422.5,4438.47998046875,4372.014892578125,4417.465087890625,4417.142333984375,2931.5
2021-09-17,4433.0,4433.0,4369.02978515625,4401.27001953125,4400.94873046875,3179.0
2021-09-18,4388.666666666666,4388.666666666666,4302.6865234375,4345.42333984375,4345.10595703125,6747.666666666666
2021-09-19,4344.333333333333,4344.333333333333,4236.34326171875,4289.57666015625,4289.26318359375,10316.333333333332
2021-09-20,4300.0,4300.0,4170.0,4233.72998046875,4233.42041015625,13885.0
2021-09-21,4250.0,4304.43017578125,4215.009765625,4270.68994140625,4270.37890625,7397.0
2021-09-22,4280.0,4403.0,4280.0,4401.4501953125,4401.12890625,5480.0
2021-09-23,4403.0,4514.93994140625,4400.0,4507.330078125,4507.0009765625,9848.0
2021-09-24,4406.009765625,4444.0,4402.02001953125,4435.68994140625,4435.36572265625,4135.0
2021-09-25,4413.33984375,4438.666666666666,4368.0166015625,4409.963216145833,4409.641276041666,10405.0
2021-09-26,4420.669921875,4433.333333333333,4334.01318359375,4384.236490885416,4383.916829427083,16675.0
2021-09-27,4428.0,4428.0,4300.009765625,4358.509765625,4358.1923828125,22945.0
2021-09-28,4348.0,4348.0,4205.0,4217.83984375,4217.53271484375,20622.0
2021-09-29,4262.0,4295.0,4190.009765625,4214.18994140625,4213.8828125,2957.0
2021-09-30,4275.02978515625,4317.5,4260.0,4292.0,4291.6875,3235.0
2021-10-01,4270.0,4274.0,4141.0,4231.2998046875,4230.99072265625,5637.0
2021-10-02,4230.0,4237.756673177083,4101.0,4164.2431640625,4163.939208984375,7602.0
2021-10-03,4190.0,4201.513346354166,4061.0,4097.1865234375,4096.8876953125,9567.0
2021-10-04,4150.0,4165.27001953125,4021.0,4030.1298828125,4029.836181640625,11532.0
2021-10-05,4105.0,4240.0,4105.0,4209.8701171875,4209.56298828125,19318.0
2021-10-06,4190.0,4279.990234375,4190.0,4244.2001953125,4243.8896484375,15715.0
2021-10-07,4350.0,4397.97998046875,4334.0,4355.830078125,4355.5126953125,11412.0
2021-10-08,4378.0,4378.0,4300.009765625,4300.009765625,4299.69677734375,7792.0
2021-10-09,4343.669921875,4377.82666015625,4291.676432291666,4309.309895833333,4308.995930989583,7029.333333333332
2021-10-10,4309.33984375,4377.6533203125,4283.343098958333,4318.610026041666,4318.295084635416,6266.666666666666
2021-10-11,4275.009765625,4377.47998046875,4275.009765625,4327.91015625,4327.59423828125,5504.0
2021-10-12,4394.06005859375,4394.06005859375,4268.85009765625,4281.10009765625,4280.78759765625,2934.0
2021-10-13,4334.990234375,4338.64990234375,4284.7998046875,4300.0,4299.68701171875,1380.0
2021-10-14,4375.0,4461.0,4347.009765625,4460.83984375,4460.51513671875,11060.0
2021-10-15,4466.0400390625,4514.35986328125,4430.009765625,4446.14990234375,4445.82568359375,4400.0
2021-10-16,4453.029947916666,4521.906575520833,4429.009765625,4474.156575520833,4473.830403645833,12373.0
2021-10-17,4440.019856770833,4529.453287760416,4428.009765625,4502.163248697916,4501.835123697916,20346.0
2021-10-18,4427.009765625,4537.0,4427.009765625,4530.169921875,4529.83984375,28319.0
2021-10-19,4535.0,4544.97998046875,4468.0498046875,4510.0,4509.6708984375,2073.0
2021-10-20,4500.009765625,4515.0,4447.759765625,4451.0,4450.67578125,27989.0
2021-10-21,4477.0,4605.31982421875,4477.0,4600.0,4599.6640625,29167.0
2021-10-22,4599.0,4655.91015625,4575.31005859375,4589.81005859375,4589.4755859375,9214.0
2021-10-23,4607.666666666666,4675.06005859375,4583.313313802083,4623.206705729166,4622.869791666666,11028.666666666666
2021-10-24,4616.333333333333,4694.2099609375,4591.316569010416,4656.603352864583,4656.263997395833,12843.333333333332
2021-10-25,4625.0,4713.35986328125,4599.31982421875,4690.0,4689.658203125,14658.0
2021-10-26,4800.0,5081.5,4800.0,5011.27001953125,5010.904296875,60543.0
2021-10-27,5000.0,5050.0,4929.169921875,4972.08984375,4971.72705078125,5546.0
2021-10-28,5020.0,5080.0,4992.0,5070.2998046875,5069.9296875,33717.0
2021-10-29,5100.0,5288.35986328125,5100.0,5257.89013671875,5257.50634765625,41376.0
2021-10-30,5166.666666666666,5324.239908854166,5141.666666666666,5290.91015625,5290.52392578125,56485.33333333333
2021-10-31,5233.333333333333,5360.119954427083,5183.333333333333,5323.93017578125,5323.54150390625,71594.66666666666
2021-11-01,5300.0,5396.0,5225.0,5356.9501953125,5356.55908203125,86704.0
2021-11-02,5357.2548828125,5484.5048828125,5319.7548828125,5419.735107421875,5419.339599609375,53641.5
2021-11-03,5414.509765625,5573.009765625,5414.509765625,5482.52001953125,5482.1201171875,20579.0
2021-11-04,5529.990234375,6449.990234375,5529.990234375,6111.81005859375,6111.3642578125,105582.0
2021-11-05,6125.66015625,6409.990234375,6004.2998046875,6048.9599609375,6048.5185546875,127991.0
2021-11-06,6117.110026041666,6378.323567708332,6036.199869791666,6115.99658203125,6115.550455729166,87825.33333333333
2021-11-07,6108.559895833333,6346.656901041666,6068.099934895833,6183.033203125,6182.582356770833,47659.666666666664
2021-11-08,6100.009765625,6314.990234375,6100.0,6250.06982421875,6249.6142578125,7494.0
2021-11-09,6550.0,6550.0,6100.0,6234.5498046875,6234.0947265625,59936.0
2021-11-10,6050.0,6275.0,5894.990234375,6082.580078125,6082.13671875,41204.0
2021-11-11,6200.0,6305.0,6123.0,6298.08984375,6297.63037109375,4700.0
2021-11-12,6200.0,6282.4599609375,6095.0,6238.77978515625,6238.32470703125,5679.0
2021-11-13,6210.0,6291.594970703125,6118.75,6242.2548828125,6241.799560546875,7693.0
2021-11-14,6220.0,6300.72998046875,6142.5,6245.72998046875,6245.2744140625,9707.0
2021-11-15,6230.0,6309.864990234375,6166.25,6249.205078125,6248.749267578125,11721.0
2021-11-16,6240.0,6319.0,6190.0,6252.68017578125,6252.22412109375,13735.0
2021-11-17,6386.0,6386.0,5957.830078125,6025.2998046875,6024.85986328125,20682.0
2021-11-18,6590.0,6849.990234375,6503.85986328125,6593.7998046875,6593.31884765625,30505.0
2021-11-19,6699.0,6898.990234375,6619.1201171875,6866.10009765625,6865.599609375,10717.0
2021-11-20,6767.52001953125,7015.993489583332,6651.183430989582,6831.806803385416,6831.308756510416,39689.33333333333
2021-11-21,6836.0400390625,7132.996744791666,6683.246744791666,6797.513509114583,6797.017903645833,68661.66666666666
2021-11-22,6904.56005859375,7250.0,6715.31005859375,6763.22021484375,6762.72705078125,97634.0
2021-11-23,6732.490234375,6836.0,6570.0,6726.89013671875,6726.39892578125,19476.0
2021-11-24,6767.2001953125,7024.2099609375,6681.25,7010.25,7009.73828125,5474.0
2021-11-25,7099.9501953125,7150.0,6169.0,6624.72998046875,6624.24658203125,1156.0
2021-11-26,6900.0,7075.009765625,6864.0,6975.39013671875,6974.88134765625,12999.0
2021-11-27,6964.40673828125,7129.673177083333,6907.32666015625,7052.98681640625,7052.472493489583,12784.333333333332
2021-11-28,7028.8134765625,7184.336588541666,6950.6533203125,7130.58349609375,7130.063639322916,12569.666666666666
2021-11-29,7093.22021484375,7239.0,6993.97998046875,7208.18017578125,7207.65478515625,12355.0
2021-11-30,7234.740234375,7234.740234375,6850.009765625,6961.18994140625,6960.68212890625,8778.0
2021-12-01,7026.0,7060.97998046875,6735.009765625,6767.39990234375,6766.9443359375,6336.0
2021-12-02,6720.0,6924.75,6621.52978515625,6835.0498046875,6834.59033203125,15720.0
2021-12-03,6780.0,6811.2099609375,6452.25,6476.68017578125,6476.2451171875,15873.0
2021-12-04,6669.996744791666,6690.803385416666,6294.833333333333,6447.243489583332,6446.810221354166,16689.333333333332
2021-12-05,6559.993489583333,6570.396809895833,6137.416666666666,6417.806803385416,6417.375325520833,17505.666666666664
2021-12-06,6449.990234375,6449.990234375,5980.0,6388.3701171875,6387.9404296875,18322.0
2021-12-07,6596.56982421875,6794.990234375,6490.27978515625,6780.830078125,6780.3740234375,7830.0
2021-12-08,6730.0,6841.18017578125,6583.75,6671.52001953125,6671.07177734375,8614.0
2021-12-09,6749.990234375,6768.5,6381.0,6425.580078125,6425.14794921875,23076.0
2021-12-10,6748.7998046875,6748.7998046875,6243.0,6278.669921875,6278.24755859375,25998.0
2021-12-11,6587.533203124999,6592.089843749999,6135.333333333333,6173.949869791666,6173.534505208333,22516.333333333332
2021-12-12,6426.266601562499,6435.379882812499,6027.666666666666,6069.229817708333,6068.821451822916,19034.666666666664
2021-12-13,6265.0,6278.669921875,5920.0,5964.509765625,5964.1083984375,15553.0
2021-12-14,5800.0,6057.580078125,5757.02001953125,6009.18017578125,6008.77587890625,19395.0
2021-12-15,6140.0,6414.759765625,5968.0,6350.990234375,6350.5634765625,25748.0
2021-12-16,6499.990234375,6499.990234375,5846.580078125,5906.33984375,5905.94287109375,17399.0
2021-12-17,5799.85986328125,5990.0,5789.080078125,5824.830078125,5824.43798828125,12082.0
2021-12-18,5754.906575520833,5938.330078125,5735.053385416666,5799.180013020833,5798.7900390625,12508.0
2021-12-19,5709.953287760416,5886.66015625,5681.026692708333,5773.529947916666,5773.14208984375,12934.0
2021-12-20,5665.0,5834.990234375,5627.0,5747.8798828125,5747.494140625,13360.0
2021-12-21,5897.2001953125,6057.259765625,5694.10986328125,6028.669921875,6028.2646484375,10102.0
2021-12-22,6001.0,6125.009765625,5946.0,6067.64990234375,6067.24169921875,7182.0
2021-12-23,6190.0,6203.0,6091.47998046875,6135.97998046875,6135.5673828125,4844.0
2021-12-24,6100.0,6100.0,6100.0,6100.0,6099.58984375,111.0
2021-12-25,6113.236653645833,6213.293294270833,6113.236653645833,6198.52001953125,6198.103352864583,5592.666666666666
2021-12-26,6126.473307291666,6326.586588541666,6126.473307291666,6297.040039062499,6296.616861979166,11074.333333333332
2021-12-27,6139.7099609375,6439.8798828125,6139.7099609375,6395.56005859375,6395.13037109375,16556.0
2021-12-28,6410.0,6440.0,6180.0,6268.31005859375,6267.888671875,13151.0
2021-12-29,6242.47021484375,6242.47021484375,6063.97021484375,6183.16015625,6182.74462890625,9963.0
2021-12-30,6160.0,6238.2001953125,6067.5,6084.0498046875,6083.64111328125,1843.0
2021-12-31,6050.0,6090.6201171875,6020.0,6037.27001953125,6036.86474609375,3879.0
2022-01-01,6076.666666666666,6167.070149739583,6056.666666666666,6077.543294270833,6077.135091145833,3689.333333333333
2022-01-02,6103.333333333333,6243.520182291666,6093.333333333333,6117.816569010416,6117.405436197916,3499.6666666666665
2022-01-03,6130.0,6319.97021484375,6130.0,6158.08984375,6157.67578125,3310.0
2022-01-04,6224.0,6259.97021484375,5814.2099609375,6034.97998046875,6034.57470703125,6600.0
2022-01-05,5870.009765625,5994.990234375,5669.0,5706.14013671875,5705.75634765625,31204.0
2022-01-06,5698.0,5829.0,5556.009765625,5765.16015625,5764.7724609375,7391.0
2022-01-07,5730.0,5754.0,5539.0,5562.080078125,5561.7060546875,7337.0
2022-01-08,5632.333333333333,5697.753255208333,5446.003255208333,5554.72998046875,5554.3564453125,10222.666666666666
2022-01-09,5534.666666666666,5641.506510416666,5353.006510416666,5547.3798828125,5547.0068359375,13108.333333333332
2022-01-10,5437.0,5585.259765625,5260.009765625,5540.02978515625,5539.6572265625,15994.0
2022-01-11,5585.259765625,5716.990234375,5490.0,5657.740234375,5657.359375,8745.0
2022-01-12,5799.97998046875,5846.990234375,5658.0,5693.06005859375,5692.67724609375,13205.0
2022-01-13,5780.0,5780.0,5399.97998046875,5403.0498046875,5402.68701171875,42979.0
2022-01-14,5402.0,5514.0,5350.0,5456.4599609375,5456.09228515625,13587.0
2022-01-15,5420.1533203125,5494.819986979166,5385.486653645833,5456.4599609375,5456.09228515625,9058.0
2022-01-16,5438.306640625,5475.639973958333,5420.973307291666,5456.4599609375,5456.09228515625,4529.0
2022-01-17,5456.4599609375,5456.4599609375,5456.4599609375,5456.4599609375,5456.09228515625,0.0
2022-01-18,5400.0,5424.02978515625,5279.39990234375,5282.7099609375,5282.35498046875,11934.0
2022-01-19,5301.0,5400.0,5135.02978515625,5158.7001953125,5158.353515625,10487.0
2022-01-20,5158.7001953125,5222.990234375,4950.0,4979.06982421875,4978.73486328125,14511.0
2022-01-21,4800.0,5049.830078125,4768.16015625,4814.9599609375,4814.63671875,30273.0
2022-01-22,4733.333333333333,4966.553385416666,4622.106770833333,4795.486653645833,4795.164713541666,27028.666666666664
2022-01-23,4666.666666666666,4883.276692708333,4476.053385416666,4776.013346354166,4775.692708333333,23784.333333333332
2022-01-24,4600.0,4800.0,4330.0,4756.5400390625,4756.220703125,20540.0
2022-01-25,4676.6201171875,4729.9599609375,4556.009765625,4655.6298828125,4655.31640625,21982.0
2022-01-26,4805.0,4948.0,4620.009765625,4713.2001953125,4712.88330078125,65188.0
2022-01-27,4879.759765625,4927.7998046875,4511.56005859375,4573.8798828125,4573.572265625,28026.0
2022-01-28,4550.81005859375,4748.35986328125,4435.0,4714.6298828125,4714.31298828125,24129.0
2022-01-29,4650.5400390625,4865.569986979166,4562.7333984375,4813.179850260416,4812.856282552083,19423.666666666668
2022-01-30,4750.27001953125,4982.780110677083,4690.466796875,4911.729817708333,4911.399576822916,14718.333333333332
2022-01-31,4850.0,5099.990234375,4818.2001953125,5010.27978515625,5009.94287109375,10013.0
2022-02-01,5080.0,5199.91015625,4921.0,5040.02001953125,5039.68115234375,15070.0
2022-02-02,5244.2998046875,5300.0,5090.0,5180.77978515625,5180.431640625,20906.0
2022-02-03,5178.5,5178.5,4913.22998046875,4934.1201171875,4933.78857421875,5143.0
2022-02-04,4999.990234375,5077.0,4900.0,5054.419921875,5054.080078125,4300.0
2022-02-05,5014.99267578125,5105.5,4914.1199951171875,5083.81494140625,5083.47314453125,5546.5
2022-02-06,5029.9951171875,5134.0,4928.239990234375,5113.2099609375,5112.8662109375,6793.0
2022-02-07,5044.99755859375,5162.5,4942.3599853515625,5142.60498046875,5142.25927734375,8039.5
2022-02-08,5060.0,5191.0,4956.47998046875,5172.0,5171.65234375,9286.0
2022-02-09,5250.0,5464.08984375,5206.2998046875,5459.75,5459.38232421875,17021.0
2022-02-10,5300.0,5486.009765625,5270.0,5288.5400390625,5288.1845703125,10851.0
2022-02-11,5303.16015625,5303.16015625,4890.0,4914.60009765625,4914.26953125,26517.0
2022-02-12,5172.440104166666,5223.106770833333,4888.333333333333,4929.416666666666,4929.084798177083,24667.333333333332
2022-02-13,5041.720052083333,5143.053385416666,4886.666666666666,4944.233235677083,4943.900065104166,22817.666666666664
2022-02-14,4911.0,5063.0,4885.0,4959.0498046875,4958.71533203125,20968.0
2022-02-15,5052.0,5410.0,5052.0,5391.81982421875,5391.45703125,93563.0
2022-02-16,5335.27001953125,5387.39990234375,5213.580078125,5382.35009765625,5381.98779296875,89947.0
2022-02-17,5298.0,5298.0,4920.0,4979.2001953125,4978.865234375,17821.0
2022-02-18,5000.0,5032.02001953125,4696.5,4800.85986328125,4800.53662109375,35514.0
2022-02-19,4926.666666666666,4948.013346354166,4664.333333333333,4744.1298828125,4743.810546875,23835.666666666668
2022-02-20,4853.333333333333,4864.006673177083,4632.166666666666,4687.39990234375,4687.08447265625,12157.333333333334
2022-02-21,4780.0,4780.0,4600.0,4630.669921875,4630.3583984375,479.0
2022-02-22,4690.0,4876.7900390625,4683.18017578125,4758.009765625,4757.68994140625,23870.0
2022-02-23,4770.0,4896.89013671875,4520.0,4530.97998046875,4530.67578125,6821.0
2022-02-24,4336.0,4885.0,4315.259765625,4879.89013671875,4879.56201171875,26460.0
2022-02-25,4821.77978515625,4948.68017578125,4792.35009765625,4909.240234375,4908.91015625,8012.0
2022-02-26,4828.853190104166,4973.766764322916,4804.900065104166,4920.960123697916,4920.62939453125,6763.333333333333
2022-02-27,4835.926595052083,4998.853352864583,4817.450032552083,4932.680013020833,4932.3486328125,5514.666666666666
2022-02-28,4843.0,5023.93994140625,4830.0,4944.39990234375,4944.06787109375,4266.0
2022-03-01,4944.39990234375,4994.3798828125,4783.419921875,4801.43994140625,4801.11669921875,6132.0
2022-03-02,4913.31982421875,5025.0,4891.0,5002.5400390625,5002.24560546875,4512.0
2022-03-03,5002.5400390625,5010.0,4861.009765625,4865.009765625,4864.7236328125,1909.0
2022-03-04,4925.0,4925.0,4710.0,4751.10986328125,4750.830078125,5390.0
2022-03-05,4867.0400390625,4889.333333333333,4663.333333333333,4695.85986328125,4695.58349609375,10730.0
2022-03-06,4809.080078125,4853.666666666666,4616.666666666666,4640.60986328125,4640.3369140625,16069.999999999998
2022-03-07,4751.1201171875,4818.0,4570.0,4585.35986328125,4585.09033203125,21410.0
2022-03-08,4550.0,4750.0,4468.52978515625,4625.9501953125,4625.67822265625,14457.0
2022-03-09,4690.0,4840.0,4690.0,4819.72998046875,4819.44677734375,160239.0
2022-03-10,4789.0,4789.0,4600.0,4743.9599609375,4743.6806640625,3603.0
2022-03-11,4792.5,4842.97021484375,4620.0498046875,4633.22998046875,4632.95703125,1826.0
2022-03-12,4728.333333333333,4771.916829427083,4556.703125,4586.063313802083,4585.793294270833,3457.666666666666
2022-03-13,4664.166666666666,4700.863444010416,4493.3564453125,4538.896647135416,4538.629557291666,5089.333333333333
2022-03-14,4600.0,4629.81005859375,4430.009765625,4491.72998046875,4491.4658203125,6721.0
2022-03-15,4455.0,4790.0,4455.0,4771.68017578125,4771.3994140625,77163.0
2022-03-16,4839.0,5078.919921875,4819.43017578125,5040.0,5039.703125,204602.0
2022-03-17,5048.0,5100.0,4970.0,5086.669921875,5086.37109375,5586.0
2022-03-18,5078.0,5410.0,5078.0,5369.830078125,5369.51318359375,21985.0
2022-03-19,5156.75,5435.5,5136.75,5372.6375732421875,5372.3206787109375,21657.75
2022-03-20,5235.5,5461.0,5195.5,5375.445068359375,5375.128173828125,21330.5
2022-03-21,5314.25,5486.5,5254.25,5378.2525634765625,5377.9356689453125,21003.25
2022-03-22,5393.0,5512.0,5313.0,5381.06005859375,5380.7431640625,20676.0
2022-03-23,5250.0,5360.10986328125,5181.68017578125,5204.33984375,5204.033203125,40907.0
2022-03-24,5270.0,5694.33984375,5270.0,5645.10009765625,5644.767578125,35688.0
2022-03-25,5648.10009765625,5664.990234375,5440.0,5525.580078125,5525.2548828125,7574.0
2022-03-26,5622.400065104166,5667.656901041666,5453.333333333333,5571.603352864583,5571.275390625,8399.0
2022-03-27,5596.700032552083,5670.323567708333,5466.666666666666,5617.626627604166,5617.2958984375,9224.0
2022-03-28,5571.0,5672.990234375,5480.0,5663.64990234375,5663.31640625,10049.0
2022-03-29,5705.89990234375,5799.9599609375,5590.39013671875,5713.58984375,5713.25341796875,16948.0
2022-03-30,5700.0,5700.0,5474.97998046875,5490.77001953125,5490.44677734375,9803.0
2022-03-31,5500.009765625,5600.0,5450.0,5486.83984375,5486.51708984375,2436.0
2022-04-01,5400.0,5496.56005859375,5220.0,5282.43017578125,5282.119140625,9747.0
2022-04-02,5371.666666666666,5477.723307291666,5242.836588541666,5332.130045572916,5331.816080729166,10351.666666666666
2022-04-03,5343.333333333333,5458.886555989583,5265.673177083333,5381.829915364583,5381.513020833333,10956.333333333332
2022-04-04,5315.0,5440.0498046875,5288.509765625,5431.52978515625,5431.2099609375,11561.0
2022-04-05,5440.0,5440.0,5156.990234375,5182.18994140625,5181.88525390625,8176.0
2022-04-06,4969.7998046875,5021.0,4821.02978515625,4920.0,4919.71044921875,22945.0
2022-04-07,4945.990234375,5003.7900390625,4750.0,4936.85009765625,4936.5595703125,11219.0
2022-04-08,4900.0,4900.0,4631.0,4637.89013671875,4637.6171875,16222.0
2022-04-09,4800.0,4800.0,4532.340006510416,4549.840169270833,4549.572428385416,15187.666666666666
2022-04-10,4700.0,4700.0,4433.680013020833,4461.790201822916,4461.527669270833,14153.333333333332
2022-04-11,4600.0,4600.0,4335.02001953125,4373.740234375,4373.48291015625,13119.0
2022-04-12,4450.0,4514.990234375,4226.009765625,4265.419921875,4265.1689453125,9852.0
2022-04-13,4345.0,4499.97021484375,4300.0,4420.02978515625,4419.76953125,33045.0
2022-04-14,4335.998046874999,4478.97216796875,4283.799999999999,4394.6638671875,4394.405175781249,29524.599999999995
2022-04-15,4326.99609375,4457.97412109375,4267.6,4369.29794921875,4369.0408203125,26004.2
2022-04-16,4317.994140625,4436.97607421875,4251.4,4343.932031249999,4343.67646484375,22483.799999999996
2022-04-17,4308.992187499999,4415.97802734375,4235.2,4318.566113281249,4318.312109375,18963.399999999998
2022-04-18,4299.990234375,4394.97998046875,4219.0,4293.2001953125,4292.94775390625,15443.0
2022-04-19,4300.02978515625,4484.0,4254.89990234375,4446.7998046875,4446.5380859375,8931.0
2022-04-20,4523.0,4523.0,4250.0,4307.14990234375,4306.89599609375,27102.0
2022-04-21,4469.990234375,4469.990234375,4045.02001953125,4049.56005859375,4049.32177734375,12178.0
2022-04-22,4070.0,4199.97998046875,3941.02001953125,3969.85009765625,3969.616455078125,8190.0
2022-04-23,4026.666666666666,4143.316650390625,3924.0,3986.653401692708,3986.4187011718745,7370.0
2022-04-24,3983.333333333333,4086.6533203124995,3906.97998046875,4003.4567057291665,4003.2209472656245,6550.0
2022-04-25,3940.0,4029.989990234375,3889.9599609375,4020.260009765625,4020.023193359375,5730.0
2022-04-26,4029.989990234375,4029.989990234375,3800.0,3835.1298828125,3834.904052734375,4091.0
2022-04-27,3805.360107421875,3900.0,3750.0,3755.760009765625,3755.5390625,12105.0
2022-04-28,3949.9599609375,4095.0,3825.0,4048.070068359375,4047.831787109375,5255.0
2022-04-29,4019.989990234375,4147.18994140625,3788.0,3797.52001953125,3797.29638671875,3181.0
2022-04-30,3945.9933268229165,4098.123291015625,3778.549967447916,3856.0300292968745,3855.8028971354165,3408.0
2022-05-01,3871.996663411458,4049.0566406249995,3769.099934895833,3914.5400390624995,3914.309407552083,3635.0
2022-05-02,3798.0,3999.989990234375,3759.64990234375,3973.050048828125,3972.81591796875,3862.0
2022-05-03,4006.1298828125,4049.989990234375,3924.989990234375,3944.7099609375,3944.477783203125,3285.0
2022-05-04,3985.0,4093.989990234375,3800.010009765625,4068.860107421875,4068.62060546875,16276.0
2022-05-05,3935.0,3936.0,3760.0,3797.389892578125,3797.166259765625,6581.0
2022-05-06,3789.989990234375,3899.0,3650.0,3775.699951171875,3775.477294921875,25931.0
2022-05-07,3776.656656901041,3849.329996744791,3581.666666666666,3666.3766276041665,3666.1605631510415,26175.333333333332
2022-05-08,3763.323323567708,3799.659993489583,3513.333333333333,3557.053304036458,3556.843831380208,26419.666666666664
2022-05-09,3749.989990234375,3749.989990234375,3445.0,3447.72998046875,3447.527099609375,26664.0
2022-05-10,3535.010009765625,3699.989990234375,3479.9599609375,3602.659912109375,3602.447998046875,12569.0
2022-05-11,3620.669921875,3620.669921875,3380.0,3386.989990234375,3386.79052734375,18560.0
2022-05-12,3306.0,3397.989990234375,3159.969970703125,3259.6201171875,3259.427978515625,7545.0
2022-05-13,3400.0,3600.0,3370.0,3548.0400390625,3547.8310546875,4653.0
2022-05-14,3449.3466796875,3583.333333333333,3390.0033365885415,3516.3299967447915,3516.122884114583,5256.333333333333
2022-05-15,3498.693359375,3566.6666666666665,3410.006673177083,3484.619954427083,3484.4147135416665,5859.666666666666
2022-05-16,3548.0400390625,3550.0,3430.010009765625,3452.909912109375,3452.70654296875,6463.0
2022-05-17,3618.8701171875,3639.989990234375,3531.199951171875,3617.469970703125,3617.2568359375,6483.0
2022-05-18,3599.3701171875,3624.989990234375,3385.0,3406.989990234375,3406.78955078125,4964.0
2022-05-19,3368.4599609375,3500.010009765625,3333.340087890625,3418.510009765625,3418.308837890625,3554.0
2022-05-20,3380.0,3383.0,3134.5,3264.31005859375,3264.11767578125,12096.0
2022-05-21,3333.333333333333,3381.396647135416,3166.333333333333,3286.210042317708,3286.016520182291,8748.0
2022-05-22,3286.6666666666665,3379.793294270833,3198.166666666666,3308.110026041666,3307.915364583333,5400.0
2022-05-23,3240.0,3378.18994140625,3230.0,3330.010009765625,3329.814208984375,2052.0
2022-05-24,3172.0,3265.5,3134.02001953125,3210.97998046875,3210.790771484375,18100.0
2022-05-25,3210.97998046875,3378.64990234375,3210.97998046875,3336.8701171875,3336.673828125,4984.0
2022-05-26,3270.0,3569.989990234375,3177.0,3532.669921875,3532.462158203125,10067.0
2022-05-27,3570.0,3695.0,3570.0,3671.0400390625,3670.82373046875,32405.0
2022-05-28,3614.9066569010415,3728.9999999999995,3614.9066569010415,3712.46337890625,3712.24462890625,21671.666666666664
2022-05-29,3659.813313802083,3762.9999999999995,3659.813313802083,3753.88671875,3753.66552734375,10938.333333333332
2022-05-30,3704.719970703125,3797.0,3704.719970703125,3795.31005859375,3795.08642578125,205.0
2022-05-31,3790.0,3790.0,3610.010009765625,3680.429931640625,3680.213134765625,8729.0
2022-06-01,3720.5,3736.989990234375,3590.0,3616.199951171875,3615.987060546875,2820.0
2022-06-02,3610.0,3839.989990234375,3582.0,3822.659912109375,3822.434814453125,7022.0
2022-06-03,3730.0,3794.389892578125,3640.0,3663.31005859375,3663.094482421875,7003.0
2022-06-04,3716.106689453125,3779.59326171875,3643.333333333333,3671.3700358072915,3671.1539713541665,5411.666666666666
2022-06-05,3702.21337890625,3764.796630859375,3646.666666666666,3679.430013020833,3679.213460286458,3820.333333333333
2022-06-06,3688.320068359375,3750.0,3650.0,3687.489990234375,3687.27294921875,2229.0
2022-06-07,3675.0,3721.969970703125,3580.0,3714.199951171875,3713.981201171875,1581.0
2022-06-08,3739.989990234375,3749.97998046875,3635.0,3635.0,3634.8251953125,8957.0
2022-06-09,3600.010009765625,3700.0,3569.969970703125,3607.639892578125,3607.46630859375,13841.0
2022-06-10,3500.0,3500.0,3365.0,3398.10009765625,3397.9365234375,6259.0
2022-06-11,3443.329996744791,3443.329996744791,3311.006673177083,3337.020100911458,3336.8595377604165,5369.333333333332
2022-06-12,3386.659993489583,3386.659993489583,3257.0133463541665,3275.940104166666,3275.782552083333,4479.666666666666
2022-06-13,3329.989990234375,3329.989990234375,3203.02001953125,3214.860107421875,3214.70556640625,3590.0
2022-06-14,3250.0,3307.0,3170.0,3263.3701171875,3263.212890625,11894.0
2022-06-15,3270.0,3420.0,3209.0,3360.969970703125,3360.80810546875,9832.0
2022-06-16,3240.0,3274.989990234375,3149.0,3167.580078125,3167.427978515625,3042.0
2022-06-17,3213.010009765625,3264.0,3170.0,3242.06005859375,3241.90380859375,6746.0
2022-06-18,3222.0100097656245,3256.0033365885415,3193.3366699218745,3241.3767089843745,3241.220703125,4508.666666666666
2022-06-19,3231.0100097656245,3248.006673177083,3216.6733398437495,3240.6933593749995,3240.53759765625,2271.333333333333
2022-06-20,3240.010009765625,3240.010009765625,3240.010009765625,3240.010009765625,3239.8544921875,34.0
2022-06-21,3280.39990234375,3430.050048828125,3280.39990234375,3327.7099609375,3327.550048828125,6765.0
2022-06-22,3319.0,3337.489990234375,3281.0,3281.0,3280.842041015625,5608.0
2022-06-23,3281.010009765625,3281.010009765625,3183.5,3255.080078125,3254.923583984375,3399.0
2022-06-24,3281.0,3400.0,3281.0,3377.93994140625,3377.777587890625,12280.0
2022-06-25,3334.333333333333,3413.6666666666665,3295.333333333333,3373.373291015625,3373.2111002604165,9535.333333333332
2022-06-26,3387.6666666666665,3427.333333333333,3309.6666666666665,3368.806640625,3368.644612630208,6790.666666666666
2022-06-27,3441.0,3441.0,3324.0,3364.239990234375,3364.078125,4046.0
2022-06-28,3398.0,3421.0,3215.0,3228.510009765625,3228.3544921875,6253.0
2022-06-29,3150.0,3180.0,3059.0400390625,3114.580078125,3114.43017578125,5630.0
2022-06-30,3114.0,3136.989990234375,3000.0,3061.090087890625,3060.942626953125,5673.0
2022-07-01,3049.989990234375,3049.989990234375,2915.010009765625,2939.989990234375,2939.8486328125,22512.0
2022-07-02,3014.2032877604165,3032.976643880208,2924.216634114583,2954.9933268229165,2954.851155598958,15264.333333333334
2022-07-03,2978.416585286458,3015.9632975260415,2933.4232584635415,2969.996663411458,2969.8536783854165,8016.666666666667
2022-07-04,2942.6298828125,2998.949951171875,2942.6298828125,2985.0,2984.856201171875,769.0
2022-07-05,2900.0,3069.0,2900.0,3062.760009765625,3062.612548828125,5525.0
2022-07-06,3080.0,3163.989990234375,3076.0,3125.97998046875,3125.82958984375,131893.0
2022-07-07,3177.0,3264.97998046875,3177.0,3249.050048828125,3248.893798828125,9547.0
2022-07-08,3140.010009765625,3274.0,3140.010009765625,3244.2099609375,3244.0537109375,133480.0
2022-07-09,3141.67333984375,3243.8099772135415,3135.006673177083,3208.8966471354165,3208.742106119791,89958.66666666666
2022-07-10,3143.336669921875,3213.619954427083,3130.003336588541,3173.583333333333,3173.430501302083,46437.33333333333
2022-07-11,3145.0,3183.429931640625,3125.0,3138.27001953125,3138.118896484375,2916.0
2022-07-12,3179.989990234375,3210.0,3110.0,3138.22998046875,3138.078857421875,4052.0
2022-07-13,3129.989990234375,3180.0,3040.0,3150.6201171875,3150.46826171875,4211.0
2022-07-14,3130.0,3209.989990234375,3100.0,3186.330078125,3186.177001953125,2774.0
2022-07-15,3239.0,3250.0,3188.919921875,3232.340087890625,3232.1845703125,2322.0
2022-07-16,3270.666666666666,3316.663330078125,3222.599934895833,3252.370035807291,3252.213623046875,3261.0
2022-07-17,3302.333333333333,3383.32666015625,3256.2799479166665,3272.399983723958,3272.24267578125,4200.0
2022-07-18,3334.0,3449.989990234375,3289.9599609375,3292.429931640625,3292.271728515625,5139.0
2022-07-19,3325.949951171875,3500.0,3325.949951171875,3489.909912109375,3489.7421875,3502.0
2022-07-20,3489.989990234375,3680.0,3450.0,3661.030029296875,3660.85400390625,122022.0
2022-07-21,3661.0400390625,3739.9599609375,3616.010009765625,3723.300048828125,3723.12060546875,118121.0
2022-07-22,3640.010009765625,3640.010009765625,3519.3798828125,3554.679931640625,3554.5087890625,5266.0
2022-07-23,3616.92333984375,3616.92333984375,3483.2565917968745,3529.469970703125,3529.300130208333,4207.666666666666
2022-07-24,3593.836669921875,3593.836669921875,3447.1333007812495,3504.260009765625,3504.091471354166,3149.333333333333
2022-07-25,3570.75,3570.75,3411.010009765625,3479.050048828125,3478.8828125,2091.0
2022-07-26,3411.0,3446.050048828125,3350.010009765625,3378.300048828125,3378.1376953125,9268.0
2022-07-27,3481.0,3640.0,3434.8798828125,3622.030029296875,3621.85595703125,9937.0
2022-07-28,3620.0,3680.0,3550.010009765625,3645.93994140625,3645.7646484375,2731.0
2022-07-29,3600.0,3716.989990234375,3600.0,3701.830078125,3701.652099609375,4627.0
2022-07-30,3626.6766764322915,3750.659993489583,3626.6666666666665,3717.8900553385415,3717.711263020833,94755.33333333333
2022-07-31,3653.353352864583,3784.329996744791,3653.333333333333,3733.950032552083,3733.7704264322915,184883.66666666666
2022-08-01,3680.030029296875,3818.0,3680.0,3750.010009765625,3749.82958984375,275012.0
2022-08-02,3748.989990234375,3882.0,3735.0,3862.8701171875,3862.684326171875,12041.0
2022-08-03,3825.02001953125,3875.0,3760.0,3869.530029296875,3869.343994140625,6033.0
2022-08-04,3857.02001953125,3915.0,3830.0,3897.7900390625,3897.602783203125,5350.0
2022-08-05,3897.7900390625,3920.0,3810.0400390625,3858.64990234375,3858.46435546875,5781.0
2022-08-06,3790.526692708333,3839.9999999999995,3706.730061848958,3773.0299479166665,3772.8485514322915,13366.333333333332
2022-08-07,3683.2633463541665,3759.9999999999995,3603.4200846354165,3687.409993489583,3687.232747395833,20951.666666666664
2022-08-08,3576.0,3680.0,3500.110107421875,3601.7900390625,3601.616943359375,28537.0
2022-08-09,3597.9599609375,3597.9599609375,3390.010009765625,3456.030029296875,3455.864013671875,15512.0
2022-08-10,3500.0,3625.0,3460.0,3619.39990234375,3619.225830078125,17638.0
2022-08-11,3601.320068359375,3720.010009765625,3571.0,3584.669921875,3584.49755859375,1935.0
2022-08-12,3600.0,3710.8798828125,3600.0,3707.860107421875,3707.681396484375,2657.0
2022-08-13,3635.953369140625,3740.5865885416665,3634.073323567708,3737.500081380208,3737.320068359375,3915.0
2022-08-14,3671.90673828125,3770.293294270833,3668.1466471354165,3767.1400553385415,3766.958740234375,5173.0
2022-08-15,3707.860107421875,3800.0,3702.219970703125,3796.780029296875,3796.597412109375,6431.0
2022-08-16,3800.0,3800.0,3710.0,3741.330078125,3741.150146484375,5525.0
2022-08-17,3710.02001953125,3741.330078125,3650.0,3664.840087890625,3664.663818359375,2435.0
2022-08-18,3664.840087890625,3792.2099609375,3664.840087890625,3772.6298828125,3772.448486328125,6979.0
2022-08-19,3730.0,3730.0,3590.010009765625,3619.97998046875,3619.805908203125,4179.0
2022-08-20,3696.6666666666665,3696.6666666666665,3533.343343098958,3555.38330078125,3555.212239583333,5742.666666666666
2022-08-21,3663.333333333333,3663.333333333333,3476.676676432291,3490.78662109375,3490.6185709635415,7306.333333333333
2022-08-22,3630.0,3630.0,3420.010009765625,3426.18994140625,3426.02490234375,8870.0
2022-08-23,3426.18994140625,3515.02001953125,3405.010009765625,3448.929931640625,3448.763916015625,2412.0
2022-08-24,3410.0,3492.489990234375,3397.0,3439.800048828125,3439.634765625,9201.0
2022-08-25,3399.989990234375,3570.0,3395.02001953125,3557.77001953125,3557.5986328125,6045.0
2022-08-26,3323.2900390625,3335.0,3275.0,3300.0,3299.841064453125,3897.0
2022-08-27,3298.1933593749995,3310.333333333333,3233.343343098958,3259.0699869791665,3258.9130045572915,3340.333333333333
2022-08-28,3273.0966796874995,3285.6666666666665,3191.6866861979165,3218.139973958333,3217.984944661458,2783.6666666666665
2022-08-29,3248.0,3261.0,3150.030029296875,3177.2099609375,3177.056884765625,2227.0
2022-08-30,3189.0,3189.0,3065.0400390625,3106.389892578125,3106.240478515625,3182.0
2022-08-31,3106.389892578125,3113.0,3016.010009765625,3060.0,3059.8525390625,3668.0
2022-09-01,2960.0,2960.0,2689.02001953125,2814.860107421875,2814.724609375,29577.0
2022-09-02,2823.0,2823.989990234375,2710.02001953125,2721.72998046875,2721.599365234375,11409.0
2022-09-03,2792.0,2792.659993489583,2716.680013020833,2724.486653645833,2724.355712890625,7613.666666666667
2022-09-04,2761.0,2761.3299967447915,2723.3400065104165,2727.2433268229165,2727.112060546875,3818.3333333333335
2022-09-05,2730.0,2730.0,2730.0,2730.0,2729.868408203125,23.0
2022-09-06,2730.0,2765.0,2695.0,2716.929931640625,2716.79931640625,13323.0
2022-09-07,2716.929931640625,2769.989990234375,2682.010009765625,2750.3798828125,2750.2880859375,3382.0
2022-09-08,2700.0,2789.989990234375,2690.010009765625,2776.3798828125,2776.287109375,4162.0
2022-09-09,2814.840087890625,2880.0,2814.840087890625,2860.8798828125,2860.784423828125,24360.0
2022-09-10,2833.223388671875,2879.996663411458,2818.223388671875,2863.699951171875,2863.6044108072915,18615.333333333332
2022-09-11,2851.606689453125,2879.9933268229165,2821.606689453125,2866.52001953125,2866.424397786458,12870.666666666666
2022-09-12,2869.989990234375,2879.989990234375,2824.989990234375,2869.340087890625,2869.244384765625,7126.0
2022-09-13,2800.0,2800.0,2634.9599609375,2641.590087890625,2641.501953125,7035.0
2022-09-14,2646.580078125,2658.590087890625,2588.02001953125,2605.0,2604.9130859375,2454.0
2022-09-15,2616.0,2644.989990234375,2580.030029296875,2599.780029296875,2599.693359375,1650.0
2022-09-16,2611.9400024414062,2658.739990234375,2584.9625244140625,2615.300048828125,2615.2128295898438,3262.75
2022-09-17,2607.8800048828125,2672.489990234375,2589.89501953125,2630.820068359375,2630.7322998046875,4875.5
2022-09-18,2603.8200073242188,2686.239990234375,2594.8275146484375,2646.340087890625,2646.2517700195312,6488.25
2022-09-19,2599.760009765625,2699.989990234375,2599.760009765625,2661.860107421875,2661.771240234375,8101.0
2022-09-20,2645.0,2694.0,2625.010009765625,2630.010009765625,2629.92236328125,3285.0
2022-09-21,2625.60009765625,2790.0,2625.60009765625,2658.860107421875,2658.771240234375,9102.0
2022-09-22,2580.0,2580.0,2482.0,2531.06005859375,2530.975341796875,4180.0
2022-09-23,2500.0,2535.02001953125,2478.0,2523.280029296875,2523.19580078125,3188.0
2022-09-24,2518.526692708333,2543.3466796875,2482.0033365885415,2515.9466959635415,2515.86279296875,2736.333333333333
2022-09-25,2537.0533854166665,2551.67333984375,2486.006673177083,2508.613362630208,2508.52978515625,2284.6666666666665
2022-09-26,2555.580078125,2560.0,2490.010009765625,2501.280029296875,2501.19677734375,1833.0
2022-09-27,2552.639892578125,2585.919921875,2496.72998046875,2500.030029296875,2499.94677734375,15268.0
2022-09-28,2570.0,2585.0,2532.0,2571.300048828125,2571.214111328125,4153.0
2022-09-29,2558.89990234375,2558.89990234375,2411.77001953125,2466.43994140625,2466.357666015625,5238.0
2022-09-30,2467.0,2527.0,2450.0,2455.6201171875,2455.5380859375,2237.0
2022-10-01,2463.2067057291665,2529.0,2446.67333984375,2477.1800944010415,2477.0973307291665,3409.6666666666665
2022-10-02,2459.413411458333,2531.0,2443.3466796875,2498.740071614583,2498.656575520833,4582.333333333333
2022-10-03,2455.6201171875,2533.0,2440.02001953125,2520.300048828125,2520.2158203125,5755.0
2022-10-04,2570.0,2640.0,2570.0,2613.81005859375,2613.722900390625,2765.0
2022-10-05,2594.27001953125,2660.0,2544.0,2651.280029296875,2651.191650390625,360.0
2022-10-06,2693.0,2740.0,2640.0,2640.0,2639.911865234375,8272.0
2022-10-07,2545.0,2545.0,2420.0,2425.419921875,2425.3388671875,12851.0
2022-10-08,2503.333333333333,2503.333333333333,2373.333333333333,2400.2799479166665,2400.199788411458,8922.333333333332
2022-10-09,2461.6666666666665,2461.6666666666665,2326.6666666666665,2375.139973958333,2375.0607096354165,4993.666666666666
2022-10-10,2420.0,2420.0,2280.0,2350.0,2349.921630859375,1065.0
2022-10-11,2286.010009765625,2351.7099609375,2260.5,2293.429931640625,2293.353515625,1605.0
2022-10-12,2345.0,2345.0,2289.8798828125,2301.0,2300.92333984375,3835.0
2022-10-13,2280.0,2409.97998046875,2188.0,2393.0,2392.92041015625,2872.0
2022-10-14,2415.0,2425.0,2260.0,2261.320068359375,2261.24462890625,2451.0
2022-10-15,2376.6666666666665,2413.3199869791665,2273.333333333333,2301.546712239583,2301.4698893229165,3770.333333333333
2022-10-16,2338.333333333333,2401.639973958333,2286.6666666666665,2341.7733561197915,2341.695149739583,5089.666666666666
2022-10-17,2300.0,2389.9599609375,2300.0,2382.0,2381.92041015625,6409.0
2022-10-18,2405.010009765625,2480.0,2341.0,2355.0400390625,2354.961669921875,3163.0
2022-10-19,2480.0,2480.0,2409.0,2409.0,2408.919677734375,4026.0
2022-10-20,2485.0,2555.0,2435.0,2445.0,2444.91845703125,772.0
2022-10-21,2445.0,2485.10009765625,2402.0,2484.0400390625,2483.95703125,1483.0
2022-10-22,2463.333333333333,2493.383382161458,2404.6666666666665,2492.6766764322915,2492.5934244791665,1822.3333333333333
2022-10-23,2481.6666666666665,2501.6666666666665,2407.333333333333,2501.313313802083,2501.229817708333,2161.6666666666665
2022-10-24,2500.0,2509.949951171875,2410.0,2509.949951171875,2509.8662109375,2501.0
2022-10-25,2550.0,2639.97998046875,2550.0,2629.840087890625,2629.75244140625,15924.0
2022-10-26,2532.0,2650.0,2532.0,2578.929931640625,2578.843994140625,4924.0
2022-10-27,2691.0,2750.0,2618.010009765625,2620.0,2619.912353515625,2295.0
2022-10-28,2650.0,2740.0,2646.699951171875,2732.1201171875,2732.02880859375,92842.0
2022-10-29,2678.333333333333,2738.333333333333,2644.466634114583,2713.596761067708,2713.506103515625,135372.0
2022-10-30,2706.6666666666665,2736.6666666666665,2642.2333170572915,2695.0734049479165,2694.9833984375,177902.0
2022-10-31,2735.0,2735.0,2640.0,2676.550048828125,2676.460693359375,220432.0
2022-11-01,2673.1298828125,2730.0,2670.0,2676.35009765625,2676.2607421875,19903.0
2022-11-02,2671.56494140625,2710.0,2617.5,2666.3350830078125,2666.24609375,13458.5
2022-11-03,2670.0,2690.0,2565.0,2656.320068359375,2656.2314453125,7014.0
2022-11-04,2709.0,2760.0,2685.0,2760.0,2759.908203125,2562.0
2022-11-05,2726.0,2770.0,2699.0,2768.0033365885415,2767.9111328125,2408.6666666666665
2022-11-06,2743.0,2780.0,2713.0,2776.006673177083,2775.9140625,2255.333333333333
2022-11-07,2760.0,2790.0,2727.0,2784.010009765625,2783.9169921875,2102.0
2022-11-08,2875.0,2879.989990234375,2792.0,2852.010009765625,2851.914794921875,7210.0
2022-11-09,2779.97998046875,2779.97998046875,2699.0,2700.0,2699.909912109375,8086.0
2022-11-10,2872.0,3044.0,2850.0,3031.8701171875,3031.76904296875,8569.0
2022-11-11,3055.989990234375,3190.0,3055.989990234375,3178.489990234375,3178.3837890625,13181.0
2022-11-12,3096.659993489583,3193.333333333333,3080.659993489583,3177.239990234375,3177.133870442708,9937.333333333332
2022-11-13,3137.3299967447915,3196.666666666666,3105.3299967447915,3175.989990234375,3175.883951822916,6693.666666666666
2022-11-14,3178.0,3200.0,3130.0,3174.739990234375,3174.634033203125,3450.0
2022-11-15,3250.0,3279.0,3200.0,3224.280029296875,3224.17236328125,27618.0
2022-11-16,3199.989990234375,3199.989990234375,3068.0,3081.830078125,3081.727294921875,8900.0
2022-11-17,3100.0,3159.989990234375,3000.02001953125,3024.3798828125,3024.27880859375,10247.0
2022-11-18,3050.010009765625,3058.0,2952.64990234375,2990.050048828125,2989.9501953125,5585.0
2022-11-19,3043.7575073242188,3072.25,2970.7374267578125,3018.6825561523438,3018.5817260742188,4704.5
2022-11-20,3037.5050048828125,3086.5,2988.824951171875,3047.3150634765625,3047.2132568359375,3824.0
2022-11-21,3031.2525024414062,3100.75,3006.9124755859375,3075.9475708007812,3075.8447875976562,2943.5
2022-11-22,3025.0,3115.0,3025.0,3104.580078125,3104.476318359375,2063.0
2022-11-23,3120.0,3199.6201171875,3120.0,3177.7900390625,3177.683837890625,2563.0
2022-11-24,3182.0,3182.0,3182.0,3182.0,3181.893798828125,8.0
2022-11-25,3150.0,3183.449951171875,3141.5,3151.0,3150.89453125,902.0
2022-11-26,3148.4632975260415,3172.296630859375,3106.003336588541,3113.7633463541665,3113.659261067708,885.6666666666665
2022-11-27,3146.926595052083,3161.143310546875,3070.506673177083,3076.526692708333,3076.4239908854165,869.3333333333333
2022-11-28,3145.389892578125,3149.989990234375,3035.010009765625,3039.2900390625,3039.188720703125,853.0
2022-11-29,3005.0,3021.5,2964.510009765625,3005.0,3004.899658203125,500.0
2022-11-30,3010.02001953125,3255.0,3010.02001953125,3239.5,3239.43505859375,2191.0
2022-12-01,3239.0,3300.530029296875,3202.010009765625,3299.949951171875,3299.883544921875,5519.0
2022-12-02,3185.0,3279.0,3168.510009765625,3239.81005859375,3239.7451171875,529.0
2022-12-03,3223.666666666666,3301.0,3199.036702473958,3247.650065104166,3247.5848795572915,1507.0
2022-12-04,3262.333333333333,3323.0,3229.563395182291,3255.490071614583,3255.424641927083,2485.0
2022-12-05,3301.0,3345.0,3260.090087890625,3263.330078125,3263.264404296875,3463.0
2022-12-06,3256.0,3256.0,3135.0,3146.300048828125,3146.23681640625,5635.0
2022-12-07,3158.699951171875,3170.0,3111.909912109375,3165.110107421875,3165.046630859375,1343.0
2022-12-08,3187.77001953125,3365.0,3187.77001953125,3363.239990234375,3363.17236328125,6964.0
2022-12-09,3375.02001953125,3492.360107421875,3356.800048828125,3356.800048828125,3356.732666015625,2006.0
2022-12-10,3423.5150146484375,3541.2700805664062,3390.1000366210938,3398.3675537109375,3398.29931640625,4374.25
2022-12-11,3472.010009765625,3590.1800537109375,3423.4000244140625,3439.93505859375,3439.865966796875,6742.5
2022-12-12,3520.5050048828125,3639.0900268554688,3456.7000122070312,3481.5025634765625,3481.4326171875,9110.75
2022-12-13,3569.0,3688.0,3490.0,3523.070068359375,3522.999267578125,11479.0
2022-12-14,3540.679931640625,3600.0,3450.0,3476.199951171875,3476.130126953125,3228.0
2022-12-15,3300.010009765625,3384.97998046875,3300.0,3369.989990234375,3369.92236328125,4533.0
2022-12-16,3254.010009765625,3302.0,3254.010009765625,3289.2099609375,3289.14404296875,8389.0
2022-12-17,3242.710042317708,3284.6633300781245,3238.006673177083,3266.806640625,3266.7411295572915,6047.999999999999
2022-12-18,3231.410074869791,3267.3266601562495,3222.003336588541,3244.4033203125,3244.338216145833,3706.9999999999995
2022-12-19,3220.110107421875,3249.989990234375,3206.0,3222.0,3221.935302734375,1366.0
2022-12-20,3140.0,3237.0,3130.0,3188.679931640625,3188.615966796875,3742.0
2022-12-21,3198.0,3260.010009765625,3198.0,3244.39990234375,3244.334716796875,1886.0
2022-12-22,3122.0,3122.0,2920.0,3008.0,3007.939697265625,3447.0
2022-12-23,2968.0,2974.989990234375,2856.010009765625,2920.010009765625,2919.951416015625,2468.0
2022-12-24,2968.363362630208,2973.0233561197915,2893.703369140625,2936.3700358072915,2936.311116536458,1647.6666666666665
2022-12-25,2968.7267252604165,2971.056722005208,2931.396728515625,2952.730061848958,2952.6708170572915,827.3333333333333
2022-12-26,2969.090087890625,2969.090087890625,2969.090087890625,2969.090087890625,2969.030517578125,7.0
2022-12-27,2923.010009765625,2923.010009765625,2720.010009765625,2720.010009765625,2719.95556640625,7062.0
2022-12-28,2731.5,2745.0,2699.5,2724.14990234375,2724.094970703125,5303.0
2022-12-29,2785.0,2850.0,2752.0,2850.0,2849.942626953125,9108.0
2022-12-30,2825.989990234375,2850.0,2825.989990234375,2842.0,2841.94287109375,85.0
2022-12-31,2831.32666015625,2847.333333333333,2831.32666015625,2842.0,2841.94287109375,68.66666666666666
2023-01-01,2836.663330078125,2844.6666666666665,2836.663330078125,2842.0,2841.94287109375,52.33333333333333
2023-01-02,2842.0,2842.0,2842.0,2842.0,2841.94287109375,36.0
2023-01-03,2899.989990234375,2899.989990234375,2744.010009765625,2770.0,2769.9443359375,228.0
2023-01-04,2850.0,2860.389892578125,2770.0,2844.89990234375,2844.8427734375,1240.0
2023-01-05,2839.590087890625,2839.590087890625,2750.010009765625,2758.840087890625,2758.784912109375,253.0
2023-01-06,2710.0,2873.0,2710.0,2847.0,2846.942626953125,5042.0
2023-01-07,2786.663330078125,2938.663330078125,2786.663330078125,2901.333333333333,2901.274983723958,5889.333333333333
2023-01-08,2863.32666015625,3004.32666015625,2863.32666015625,2955.6666666666665,2955.6073404947915,6736.666666666666
2023-01-09,2939.989990234375,3069.989990234375,2939.989990234375,3010.0,3009.939697265625,7584.0
2023-01-10,2980.10009765625,3034.0,2970.010009765625,3020.2900390625,3020.229248046875,2967.0
2023-01-11,2992.010009765625,3012.830078125,2976.0,2998.030029296875,2997.9697265625,2320.0
2023-01-12,2979.570068359375,3129.93994140625,2979.570068359375,3105.090087890625,3105.027587890625,7727.0
2023-01-13,3071.0,3170.0,3071.0,3170.0,3169.9365234375,2047.0
2023-01-14,3104.0,3169.9999999999995,3104.0,3169.9999999999995,3169.9365234375,1375.3333333333333
2023-01-15,3136.9999999999995,3169.9999999999995,3136.9999999999995,3169.9999999999995,3169.9365234375,703.6666666666666
2023-01-16,3170.0,3170.0,3170.0,3170.0,3169.9365234375,32.0
2023-01-17,3170.0,3337.989990234375,3170.0,3300.0,3299.93359375,8654.0
2023-01-18,3322.0,3322.0,3243.090087890625,3297.5400390625,3297.4736328125,10446.0
2023-01-19,3225.0,3234.0,3190.0,3194.659912109375,3194.595703125,3790.0
2023-01-20,3263.0,3365.0,3190.0,3364.030029296875,3363.96240234375,2766.0
2023-01-21,3298.666666666666,3447.1933593749995,3250.0,3442.510009765625,3442.4408365885415,64077.666666666664
2023-01-22,3334.333333333333,3529.3867187499995,3310.0,3520.989990234375,3520.919270833333,125389.33333333333
2023-01-23,3370.0,3611.580078125,3370.0,3599.469970703125,3599.397705078125,186701.0
2023-01-24,3595.330078125,3670.0,3567.2099609375,3592.760009765625,3592.687744140625,5748.0
2023-01-25,3575.0,3630.0,3500.0,3628.0,3627.927001953125,166907.0
2023-01-26,3700.0,3800.0,3648.0,3714.72998046875,3714.6552734375,114669.0
2023-01-27,3700.0,3870.0,3700.0,3822.7900390625,3822.71337890625,13466.0
2023-01-28,3733.333333333333,3846.6666666666665,3667.0,3748.860026041666,3748.7848307291665,9275.999999999998
2023-01-29,3766.666666666666,3823.333333333333,3634.0,3674.930013020833,3674.856282552083,5085.999999999999
2023-01-30,3800.0,3800.0,3601.0,3601.0,3600.927734375,896.0
2023-01-31,3601.0,3699.989990234375,3570.0,3664.409912109375,3664.33642578125,2940.0
2023-02-01,3700.0,3940.0,3700.0,3900.239990234375,3900.161865234375,21906.0
2023-02-02,3934.97998046875,4099.990234375,3934.97998046875,4000.389892578125,4000.3095703125,208003.0
2023-02-03,3950.0,4089.989990234375,3950.0,3988.080078125,3988.0,4498.0
2023-02-04,3976.25,4117.492492675781,3962.5,4038.297607421875,4038.216552734375,5313.25
2023-02-05,4002.5,4144.9949951171875,3975.0,4088.51513671875,4088.43310546875,6128.5
2023-02-06,4028.75,4172.497497558594,3987.5,4138.732666015625,4138.649658203125,6943.75
2023-02-07,4055.0,4200.0,4000.0,4188.9501953125,4188.8662109375,7759.0
2023-02-08,4214.8798828125,4300.0,4183.0,4194.72021484375,4194.63623046875,2582.0
2023-02-09,4203.330078125,4369.9501953125,4183.22998046875,4183.22998046875,4183.14599609375,8448.0
2023-02-10,4139.0,4139.0,3900.0,3970.0,3969.920166015625,4823.0
2023-02-11,4094.9999999999995,4125.666666666666,3927.333333333333,3998.5,3998.419677734375,4116.0
2023-02-12,4050.9999999999995,4112.333333333333,3954.6666666666665,4027.0,4026.919189453125,3409.0
2023-02-13,4007.0,4099.0,3982.0,4055.5,4055.418701171875,2702.0
2023-02-14,4039.389892578125,4264.990234375,4031.0,4261.740234375,4261.65478515625,3482.0
2023-02-15,4215.0,4240.0,4105.009765625,4240.0,4239.91455078125,4961.0
2023-02-16,4215.0,4215.0,4090.0,4090.0,4089.917724609375,2238.0
2023-02-17,4000.010009765625,4000.010009765625,3852.5,3942.590087890625,3942.510986328125,3577.0
2023-02-18,3980.8700358072915,3980.8700358072915,3882.5300292968745,3942.5900878906245,3942.5109863281245,2384.6666666666665
2023-02-19,3961.730061848958,3961.730061848958,3912.5600585937495,3942.5900878906245,3942.5109863281245,1192.3333333333333
2023-02-20,3942.590087890625,3942.590087890625,3942.590087890625,3942.590087890625,3942.510986328125,0.0
2023-02-21,3904.989990234375,3904.989990234375,3810.02001953125,3810.639892578125,3810.5634765625,4323.0
2023-02-22,3810.639892578125,3873.449951171875,3760.0,3810.0,3809.923583984375,3795.0
2023-02-23,4200.0,4380.89013671875,4200.0,4348.75,4348.66259765625,21750.0
2023-02-24,4300.0,4310.0,4225.02001953125,4280.5498046875,4280.4638671875,12594.0
2023-02-25,4295.049967447916,4336.666666666666,4243.349934895833,4287.036458333333,4286.950520833333,8751.666666666666
2023-02-26,4290.099934895833,4363.333333333333,4261.679850260416,4293.523111979166,4293.437174479166,4909.333333333333
2023-02-27,4285.14990234375,4390.0,4280.009765625,4300.009765625,4299.923828125,1067.0
2023-02-28,4300.0,4362.0400390625,4255.0,4255.10009765625,4255.0146484375,2818.0
2023-03-01,4195.0,4195.0,4080.0400390625,4124.7099609375,4124.626953125,4174.0
2023-03-02,4103.60009765625,4217.10986328125,4103.60009765625,4217.10986328125,4217.025390625,1639.0
2023-03-03,4195.0,4285.5,4192.0,4285.5,4285.4140625,1270.0
2023-03-04,4233.666666666666,4309.373372395833,4211.860026041666,4274.193359375,4274.107584635416,124737.33333333333
2023-03-05,4272.333333333333,4333.246744791666,4231.720052083333,4262.88671875,4262.801106770833,248204.66666666666
2023-03-06,4311.0,4357.1201171875,4251.580078125,4251.580078125,4251.49462890625,371672.0
2023-03-07,4250.0,4361.10009765625,4240.0,4242.0,4241.95458984375,186524.0
2023-03-08,4240.0,4350.0,4224.0,4337.27001953125,4337.2236328125,48030.0
2023-03-09,4361.02001953125,4400.0,4262.0,4303.580078125,4303.53369140625,93275.0
2023-03-10,4280.0,4333.06005859375,4225.97021484375,4250.0,4249.95458984375,95661.0
2023-03-11,4286.666666666666,4355.373372395833,4233.980143229166,4292.666666666666,4292.620930989583,64272.0
2023-03-12,4293.333333333333,4377.686686197916,4241.990071614583,4335.333333333333,4335.287272135416,32883.0
2023-03-13,4300.0,4400.0,4250.0,4378.0,4377.95361328125,1494.0
2023-03-14,4399.990234375,4525.0,4394.740234375,4459.10986328125,4459.0625,225493.0
2023-03-15,4440.0,4590.85009765625,4430.0,4559.97998046875,4559.93115234375,7230.0
2023-03-16,4600.0,4786.0,4575.0,4783.10986328125,4783.05908203125,135086.0
2023-03-17,4870.0,4950.0,4869.0,4893.5400390625,4893.48779296875,10684.0
2023-03-18,4875.75,4939.782470703125,4834.25244140625,4896.6075439453125,4896.5552978515625,9938.25
2023-03-19,4881.5,4929.56494140625,4799.5048828125,4899.675048828125,4899.622802734375,9192.5
2023-03-20,4887.25,4919.347412109375,4764.75732421875,4902.7425537109375,4902.6903076171875,8446.75
2023-03-21,4893.0,4909.1298828125,4730.009765625,4905.81005859375,4905.7578125,7701.0
2023-03-22,4900.0,5080.0,4850.009765625,4965.64990234375,4965.5966796875,8270.0
2023-03-23,5000.0,5080.0,4990.0,5068.27001953125,5068.2158203125,4286.0
2023-03-24,5048.0,5048.0,4895.0,4939.0,4938.947265625,5335.0
2023-03-25,5012.0,5012.0,4880.0,4914.029947916666,4913.9775390625,4647.333333333333
2023-03-26,4976.0,4976.0,4865.0,4889.059895833333,4889.0078125,3959.666666666666
2023-03-27,4940.0,4940.0,4850.0,4864.08984375,4864.0380859375,3272.0
2023-03-28,4850.02978515625,4850.02978515625,4749.990234375,4800.0,4799.94873046875,3764.0
2023-03-29,4880.0,4904.39990234375,4824.41015625,4870.0,4869.9482421875,1880.0
2023-03-30,4875.02978515625,4979.990234375,4875.02978515625,4955.009765625,4954.95703125,3264.0
2023-03-31,4944.990234375,5018.8798828125,4944.990234375,4985.85009765625,4985.796875,1666.0
2023-04-01,4963.326822916666,5029.253255208333,4946.663411458333,5000.393391927083,5000.340006510416,2491.0
2023-04-02,4981.663411458333,5039.626627604166,4948.336588541666,5014.936686197916,5014.883138020833,3316.0
2023-04-03,5000.0,5050.0,4950.009765625,5029.47998046875,5029.42626953125,4141.0
2023-04-04,5000.0,5026.0,4958.10009765625,4960.919921875,4960.86669921875,2539.0
2023-04-05,4865.0,4925.0,4853.0,4920.47998046875,4920.427734375,22690.0
2023-04-06,4871.174023437499,4941.999999999999,4861.5740234375,4938.37998046875,4938.327539062499,35652.8
2023-04-07,4877.348046875,4959.0,4870.148046875,4956.279980468749,4956.22734375,48615.6
2023-04-08,4883.5220703125,4976.0,4878.7220703125,4974.17998046875,4974.127148437499,61578.4
2023-04-09,4889.69609375,4992.999999999999,4887.296093749999,4992.079980468749,4992.026953125,74541.2
2023-04-10,4895.8701171875,5010.0,4895.8701171875,5009.97998046875,5009.9267578125,87504.0
2023-04-11,5000.009765625,5000.009765625,4945.02978515625,4947.419921875,4947.3671875,1589.0
2023-04-12,4880.0,4880.0,4790.0,4808.0,4807.94873046875,2030.0
2023-04-13,4808.0,4850.0,4770.0,4776.0,4775.94921875,5101.0
2023-04-14,4800.0,4824.0,4730.02978515625,4823.0,4822.9482421875,11845.0
2023-04-15,4807.666666666666,4836.446614583333,4748.35986328125,4834.8466796875,4834.794921875,11512.666666666666
2023-04-16,4815.333333333333,4848.893229166666,4766.68994140625,4846.693359375,4846.6416015625,11180.333333333332
2023-04-17,4823.0,4861.33984375,4785.02001953125,4858.5400390625,4858.48828125,10848.0
2023-04-18,4927.58984375,5060.0,4920.0,4990.0,4989.94677734375,2049.0
2023-04-19,4990.0,5040.0,4984.0,5037.91015625,5037.8564453125,2134.0
2023-04-20,5000.0,5049.97021484375,4865.77978515625,4887.66015625,4887.60791015625,2393.0
2023-04-21,4860.0,4887.64990234375,4840.0,4887.64990234375,4887.59765625,755.0
2023-04-22,4856.666666666666,4879.933268229166,4835.0,4877.849934895833,4877.7978515625,703.0
2023-04-23,4853.333333333333,4872.216634114583,4830.0,4868.049967447916,4867.998046875,651.0
2023-04-24,4850.0,4864.5,4825.0,4858.25,4858.1982421875,599.0
2023-04-25,4886.97998046875,4886.990234375,4747.91015625,4762.3798828125,4762.3291015625,3261.0
2023-04-26,4800.009765625,4940.0,4800.009765625,4875.0,4874.94775390625,777.0
2023-04-27,4950.0,4950.0,4830.0,4899.35986328125,4899.3076171875,2940.0
2023-04-28,4940.0,4987.990234375,4915.1298828125,4987.22021484375,4987.1669921875,370.0
2023-04-29,4987.75,5028.49267578125,4948.847412109375,5005.22265625,5005.169189453125,785.75
2023-04-30,5035.5,5068.9951171875,4982.56494140625,5023.22509765625,5023.17138671875,1201.5
2023-05-01,5083.25,5109.49755859375,5016.282470703125,5041.2275390625,5041.173583984375,1617.25
2023-05-02,5131.0,5150.0,5050.0,5059.22998046875,5059.17578125,2033.0
2023-05-03,4987.240234375,5049.990234375,4972.0,5007.47021484375,5007.4169921875,2291.0
2023-05-04,4935.0,4990.0,4911.0,4942.4599609375,4942.4072265625,1193.0
2023-05-05,5033.0,5110.0,5033.0,5100.8798828125,5100.82568359375,879.0
2023-05-06,5048.666666666666,5138.38330078125,5046.333333333333,5126.14990234375,5126.095377604166,1070.6666666666665
2023-05-07,5064.333333333333,5166.7666015625,5059.666666666666,5151.419921875,5151.365071614583,1262.3333333333333
2023-05-08,5080.0,5195.14990234375,5073.0,5176.68994140625,5176.634765625,1454.0
2023-05-09,5150.7998046875,5160.02978515625,5050.0,5080.0,5079.94580078125,1097.0
2023-05-10,5105.39990234375,5129.93017578125,5002.81982421875,5002.830078125,5002.77685546875,1967.0
2023-05-11,5090.0,5100.0,4995.0,5021.39013671875,5021.3369140625,10018.0
2023-05-12,4992.9599609375,5016.990234375,4948.5,4978.10986328125,4978.056640625,15427.0
2023-05-13,5002.299967447916,5028.66015625,4972.659993489583,5000.449869791666,5000.396321614583,10853.333333333332
2023-05-14,5011.639973958333,5040.330078125,4996.819986979166,5022.789876302083,5022.736002604166,6279.666666666666
2023-05-15,5020.97998046875,5052.0,5020.97998046875,5045.1298828125,5045.07568359375,1706.0
2023-05-16,5123.14013671875,5205.2900390625,5106.0,5117.18017578125,5117.1259765625,1736.0
2023-05-17,5209.93017578125,5308.0,5160.0,5295.27001953125,5295.21337890625,2173.0
2023-05-18,5351.0,5630.0498046875,5351.0,5605.009765625,5604.9501953125,7730.0
2023-05-19,5600.0,5600.0,5475.02001953125,5556.33984375,5556.2802734375,6921.0
2023-05-20,5589.666666666666,5613.330078125,5500.760091145833,5566.963216145833,5566.903645833333,7896.333333333333
2023-05-21,5579.333333333333,5626.66015625,5526.500162760416,5577.586588541666,5577.527018229166,8871.666666666666
2023-05-22,5569.0,5639.990234375,5552.240234375,5588.2099609375,5588.150390625,9847.0
2023-05-23,5563.2001953125,5604.0,5505.7998046875,5531.77978515625,5531.720703125,3186.0
2023-05-24,5380.0,5437.509765625,5320.0,5414.47021484375,5414.41259765625,12145.0
2023-05-25,6999.0,7035.0,6500.02001953125,6783.580078125,6783.5078125,67909.0
2023-05-26,6733.7099609375,6905.35009765625,6670.0,6868.68994140625,6868.61669921875,22046.0
2023-05-27,6767.253255208333,6910.566731770833,6724.779947916666,6882.626627604166,6882.553222656249,14803.333333333332
2023-05-28,6800.796549479166,6915.783365885416,6779.559895833333,6896.563313802083,6896.489746093749,7560.666666666666
2023-05-29,6834.33984375,6921.0,6834.33984375,6910.5,6910.42626953125,318.0
2023-05-30,7130.0,7308.0,7010.0,7062.7001953125,7062.625,56500.0
2023-05-31,7033.0,7090.0,6700.0,6768.5400390625,6768.4677734375,41575.0
2023-06-01,6735.990234375,7025.0,6735.990234375,6970.81005859375,6970.73583984375,9108.0
2023-06-02,7021.43994140625,7021.43994140625,6850.009765625,6905.89013671875,6905.81640625,4723.0
2023-06-03,6964.293294270833,6970.9599609375,6823.33984375,6879.453450520833,6879.380045572916,4572.333333333333
2023-06-04,6907.146647135416,6920.47998046875,6796.669921875,6853.016764322916,6852.943684895833,4421.666666666666
2023-06-05,6850.0,6870.0,6770.0,6826.580078125,6826.50732421875,4271.0
2023-06-06,6780.0,6828.169921875,6685.0,6708.56982421875,6708.498046875,35426.0
2023-06-07,6755.0,6830.0,6488.0,6522.330078125,6522.29931640625,40196.0
2023-06-08,6576.0,6759.93994140625,6576.0,6749.97998046875,6749.9482421875,1746.0
2023-06-09,6800.0,6868.0,6670.0,6675.0,6674.96875,46405.0
2023-06-10,6778.666666666666,6851.999999999999,6676.669921874999,6712.340006510416,6712.308593749999,31389.666666666664
2023-06-11,6757.333333333332,6835.999999999999,6683.339843749999,6749.680013020833,6749.648437499999,16374.333333333332
2023-06-12,6736.0,6820.0,6690.009765625,6787.02001953125,6786.98828125,1359.0
2023-06-13,6900.0,7060.0,6773.4501953125,7032.64990234375,7032.61669921875,9074.0
2023-06-14,7005.0,7347.0,7005.0,7302.85009765625,7302.81591796875,4505.0
2023-06-15,7350.0,7400.0,7275.0,7322.6201171875,7322.58544921875,22694.0
2023-06-16,7324.0,7461.759765625,7300.0,7318.8701171875,7318.83544921875,14284.0
2023-06-17,7300.643391927082,7392.483235677082,7259.999999999999,7292.580078124999,7292.545572916666,9556.666666666666
2023-06-18,7277.286783854166,7323.206705729166,7219.999999999999,7266.290039062499,7266.255696614583,4829.333333333333
2023-06-19,7253.93017578125,7253.93017578125,7180.0,7240.0,7239.9658203125,102.0
2023-06-20,7345.0,7561.169921875,7320.0,7554.68017578125,7554.64453125,7478.0
2023-06-21,7537.259765625,7537.259765625,7230.0,7376.2001953125,7376.16552734375,2350.0
2023-06-22,7367.60986328125,7440.0,7290.009765625,7352.39990234375,7352.365234375,4991.0
2023-06-23,7396.52978515625,7396.52978515625,7230.02001953125,7262.990234375,7262.9560546875,4606.0
2023-06-24,7364.353190104166,7364.3564453125,7113.349934895832,7175.326822916666,7175.29296875,3805.6666666666665
2023-06-25,7332.176595052082,7332.18310546875,6996.679850260416,7087.663411458332,7087.6298828125,3005.333333333333
2023-06-26,7300.0,7300.009765625,6880.009765625,7000.0,6999.966796875,2205.0
2023-06-27,7000.0,7155.0,6901.02001953125,7150.27978515625,7150.24609375,4434.0
2023-06-28,6989.0,7125.52978515625,6930.419921875,7032.77978515625,7032.74658203125,6641.0
2023-06-29,7080.0,7080.0,6912.669921875,6984.740234375,6984.70751953125,11661.0
2023-06-30,7055.5,7280.0,7055.5,7241.9501953125,7241.916015625,2218.0
2023-07-01,7120.333333333332,7270.003255208333,7103.666666666666,7227.966796875,7227.932779947916,1578.3333333333333
2023-07-02,7185.166666666666,7260.006510416666,7151.833333333333,7213.9833984375,7213.949544270833,938.6666666666665
2023-07-03,7250.0,7250.009765625,7200.0,7200.0,7199.96630859375,299.0
2023-07-04,7250.02978515625,7250.02978515625,7200.0,7200.0,7199.96630859375,47.0
2023-07-05,7200.0,7330.0,7200.0,7233.2900390625,7233.255859375,3545.0
2023-07-06,7158.97021484375,7280.0,7100.080078125,7244.3798828125,7244.345703125,1057.0
2023-07-07,7240.06005859375,7387.0,7240.06005859375,7305.02001953125,7304.98583984375,2652.0
2023-07-08,7210.506673177082,7338.529947916666,7199.373372395832,7255.353352864582,7255.3193359375,2490.333333333333
2023-07-09,7180.953287760416,7290.059895833333,7158.686686197916,7205.686686197916,7205.65283203125,2328.6666666666665
2023-07-10,7151.39990234375,7241.58984375,7118.0,7156.02001953125,7155.986328125,2167.0
2023-07-11,7200.02001953125,7300.0,7198.0,7210.0,7209.9658203125,1126.0
2023-07-12,7247.0,7408.0,7247.0,7377.93017578125,7377.8955078125,2589.0
2023-07-13,7500.0,7764.97021484375,7500.0,7748.419921875,7748.38330078125,3495.0
2023-07-14,7900.0,8090.0,7560.0,7571.490234375,7571.45458984375,12622.0
2023-07-15,7864.999999999999,7991.666666666666,7577.666666666666,7635.993489583333,7635.957519531249,11164.0
2023-07-16,7829.999999999999,7893.333333333332,7595.333333333333,7700.496744791666,7700.460449218749,9706.0
2023-07-17,7795.0,7795.0,7613.0,7765.0,7764.96337890625,8248.0
2023-07-18,7806.72998046875,8016.7900390625,7659.93994140625,7974.31982421875,7974.2822265625,1176.0
2023-07-19,7950.0,7999.81005859375,7830.009765625,7866.25,7866.212890625,1813.0
2023-07-20,7874.990234375,7880.0,7613.4599609375,7713.1298828125,7713.09375,4472.0
2023-07-21,7736.0,7736.0,7522.02001953125,7597.68017578125,7597.64453125,1673.0
2023-07-22,7645.793294270833,7676.666666666666,7496.166666666666,7563.730143229166,7563.694661458332,1811.3333333333333
2023-07-23,7555.586588541666,7617.333333333332,7470.313313802082,7529.780110677083,7529.744791666666,1949.6666666666665
2023-07-24,7465.3798828125,7558.0,7444.4599609375,7495.830078125,7495.794921875,2088.0
2023-07-25,7658.97998046875,7805.0,7658.97998046875,7757.990234375,7757.95361328125,2228.0
2023-07-26,7750.0,7786.7998046875,7580.009765625,7685.169921875,7685.1337890625,929.0
2023-07-27,7839.31982421875,7949.990234375,7741.81005859375,7774.75,7774.71337890625,1940.0
2023-07-28,7783.8701171875,7828.93017578125,7750.02001953125,7760.009765625,7759.97314453125,1419.0
2023-07-29,7799.246744791666,7835.953450520832,7763.349934895833,7776.93310546875,7776.896484375,1481.6666666666665
2023-07-30,7814.623372395833,7842.976725260416,7776.679850260416,7793.8564453125,7793.81982421875,1544.3333333333333
2023-07-31,7830.0,7850.0,7790.009765625,7810.77978515625,7810.7431640625,1607.0
2023-08-01,7778.0,7882.009765625,7770.009765625,7864.7900390625,7864.7529296875,1200.0
2023-08-02,7830.0400390625,7830.0400390625,7461.10986328125,7553.14013671875,7553.1044921875,16285.0
2023-08-03,7571.9501953125,7800.0,7571.9501953125,7689.31005859375,7689.27392578125,997.0
2023-08-04,7799.990234375,7799.990234375,7623.0,7634.330078125,7634.2939453125,1719.0
2023-08-05,7779.073567708333,7786.66015625,7623.666666666666,7671.880045572916,7671.84375,1345.3333333333333
2023-08-06,7758.156901041666,7773.330078125,7624.333333333333,7709.430013020833,7709.3935546875,971.6666666666666
2023-08-07,7737.240234375,7760.0,7625.0,7746.97998046875,7746.943359375,598.0
2023-08-08,7746.97021484375,7746.97021484375,7550.009765625,7626.2900390625,7626.25390625,1498.0
2023-08-09,7550.0,7550.0,7207.41015625,7288.75,7288.7158203125,3791.0
2023-08-10,7249.990234375,7330.0,7140.009765625,7220.7001953125,7220.666015625,4623.0
2023-08-11,7208.39013671875,7208.39990234375,6931.0,6955.10009765625,6955.0673828125,3897.0
2023-08-12,7104.583496093749,7290.80322265625,6919.490071614582,7119.486653645833,7119.453124999999,5367.0
2023-08-13,7000.776855468749,7373.20654296875,6907.980143229166,7283.873209635416,7283.838867187499,6837.0
2023-08-14,6896.97021484375,7455.60986328125,6896.47021484375,7448.259765625,7448.224609375,8307.0
2023-08-15,7600.4501953125,7700.009765625,7538.990234375,7554.259765625,7554.22412109375,4830.0
2023-08-16,7590.0,7614.39013671875,7440.75,7490.8798828125,7490.8447265625,1655.0
2023-08-17,7434.75,7500.0,7339.22021484375,7403.2099609375,7403.17529296875,1506.0
2023-08-18,7220.60986328125,7400.0,7120.0,7399.990234375,7399.95556640625,2248.0
2023-08-19,7335.073242187499,7598.973307291666,7266.666666666666,7595.550130208332,7595.514485677083,27863.0
2023-08-20,7449.536621093749,7797.946614583332,7413.333333333333,7791.110026041666,7791.073404947916,53478.0
2023-08-21,7564.0,7996.919921875,7560.0,7986.669921875,7986.63232421875,79093.0
2023-08-22,8090.0,8150.0,7690.77978515625,7727.6201171875,7727.58349609375,77167.0
2023-08-23,7731.35986328125,7927.22021484375,7714.39013671875,7907.72998046875,7907.69287109375,11338.0
2023-08-24,8402.0,8447.8896484375,7948.0,7960.1298828125,7960.09228515625,21577.0
2023-08-25,7948.06005859375,8009.990234375,7585.10986328125,7711.9501953125,7711.9140625,14583.0
2023-08-26,7864.540039062499,7960.866861979166,7570.113281249999,7758.3701171875,7758.333658854166,39346.33333333333
2023-08-27,7781.020019531249,7911.743489583332,7555.116699218749,7804.7900390625,7804.753255208333,64109.666666666664
2023-08-28,7697.5,7862.6201171875,7540.1201171875,7851.2099609375,7851.1728515625,88873.0
2023-08-29,7900.0,8258.0,7860.27978515625,8160.52001953125,8160.4814453125,67443.0
2023-08-30,8183.0,8350.0,8100.009765625,8237.8701171875,8237.8310546875,174431.0
2023-08-31,8290.0,8450.0,8252.990234375,8429.7802734375,8429.740234375,147786.0
2023-09-01,8450.0,8469.8203125,8267.26953125,8288.9296875,8288.890625,99807.0
2023-09-02,8400.0,8432.546875,8278.1796875,8311.953125,8311.9140625,66564.0
2023-09-03,8350.0,8395.2734375,8289.08984375,8334.9765625,8334.9375,33321.0
2023-09-04,8300.0,8358.0,8300.0,8358.0,8357.9609375,78.0
2023-09-05,8357.990234375,8500.0,8330.0,8497.25,8497.2099609375,5735.0
2023-09-06,8480.0,8480.0,8193.240234375,8240.349609375,8240.349609375,2972.0
2023-09-07,7970.0,8144.5,7950.0,8122.27001953125,8122.27001953125,7056.0
2023-09-08,8090.009765625,8129.990234375,7981.02001953125,8001.7099609375,8001.7099609375,1453.0
2023-09-09,8075.006510416666,8101.66015625,7902.3466796875,7941.486653645832,7941.486653645832,1922.0
2023-09-10,8060.003255208333,8073.330078125,7823.67333984375,7881.263346354166,7881.263346354166,2391.0
2023-09-11,8045.0,8045.0,7745.0,7821.0400390625,7821.0400390625,2860.0
2023-09-12,7785.0,7918.0,7735.0,7744.22998046875,7744.22998046875,4798.0
2023-09-13,7755.0,7850.0,7740.02001953125,7847.0,7847.0,428.0
